Product Name,Category,Price,Company,URL
HONOR Tablet 8300mAh Battery Design,Electronics,"6,998.00",HONOR,https://www.amazon.eg/-/en/HONOR-Tablet-8300mAh-Battery-Design/dp/B0DC6JBDFG/ref=sr_1_1?dib=eyJ2IjoiMSJ9.gfyxolwzX4sJlmGxSBMVrYxQ5NJo9_QxAV_FTDFgSTu2gjoI9DC0L0GQfHkaL1BNvl3U3EbQKdGfnhSDmgf5hJxCIemg4gM7OpPmxLrAPiymg5mQluOA-7Vc0Sb_6JY7w4VsmK2R2V7o8m_DivjD1WD2kMISXe1j_4QGDyHp5756MX7_CReV1UelSpvYjpNVLeREToIWqJQloqfg_s8O_zccuhThOMW5mxr0XR4aDE2t78KKPc7tJT_0ZUK_gXJAdxRvSevrmICtSKEE57bTaagCIyeIcRL5DCVldG8hi7s.Gadc2GTwamW_sNRtVvHWJ5n0WEMUKkpzoOnboSD5kKg&dib_tag=se&qid=1740506662&s=computers&sr=1-1
Adjustable Portable Aluminium Foldable Ventilated,Electronics,145,Adjustable,https://www.amazon.eg/-/en/Adjustable-Portable-Aluminium-Foldable-Ventilated/dp/B08D11MN1M/ref=sr_1_2?dib=eyJ2IjoiMSJ9.gfyxolwzX4sJlmGxSBMVrYxQ5NJo9_QxAV_FTDFgSTu2gjoI9DC0L0GQfHkaL1BNvl3U3EbQKdGfnhSDmgf5hJxCIemg4gM7OpPmxLrAPiymg5mQluOA-7Vc0Sb_6JY7w4VsmK2R2V7o8m_DivjD1WD2kMISXe1j_4QGDyHp5756MX7_CReV1UelSpvYjpNVLeREToIWqJQloqfg_s8O_zccuhThOMW5mxr0XR4aDE2t78KKPc7tJT_0ZUK_gXJAdxRvSevrmICtSKEE57bTaagCIyeIcRL5DCVldG8hi7s.Gadc2GTwamW_sNRtVvHWJ5n0WEMUKkpzoOnboSD5kKg&dib_tag=se&qid=1740506662&s=computers&sr=1-2
Samsung Supports FreeSync DisplayPort Warranty,Electronics,"6,999.00",Samsung,https://www.amazon.eg/-/en/Samsung-Supports-FreeSync-DisplayPort-Warranty/dp/B0D6ZC7PN4/ref=sr_1_3?dib=eyJ2IjoiMSJ9.gfyxolwzX4sJlmGxSBMVrYxQ5NJo9_QxAV_FTDFgSTu2gjoI9DC0L0GQfHkaL1BNvl3U3EbQKdGfnhSDmgf5hJxCIemg4gM7OpPmxLrAPiymg5mQluOA-7Vc0Sb_6JY7w4VsmK2R2V7o8m_DivjD1WD2kMISXe1j_4QGDyHp5756MX7_CReV1UelSpvYjpNVLeREToIWqJQloqfg_s8O_zccuhThOMW5mxr0XR4aDE2t78KKPc7tJT_0ZUK_gXJAdxRvSevrmICtSKEE57bTaagCIyeIcRL5DCVldG8hi7s.Gadc2GTwamW_sNRtVvHWJ5n0WEMUKkpzoOnboSD5kKg&dib_tag=se&qid=1740506662&s=computers&sr=1-3
ANKER Durability Braided Charging A81H5H11,Electronics,139,ANKER,https://www.amazon.eg/-/en/ANKER-Durability-Braided-Charging-A81H5H11/dp/B0C9JS8XNN/ref=sr_1_4?dib=eyJ2IjoiMSJ9.gfyxolwzX4sJlmGxSBMVrYxQ5NJo9_QxAV_FTDFgSTu2gjoI9DC0L0GQfHkaL1BNvl3U3EbQKdGfnhSDmgf5hJxCIemg4gM7OpPmxLrAPiymg5mQluOA-7Vc0Sb_6JY7w4VsmK2R2V7o8m_DivjD1WD2kMISXe1j_4QGDyHp5756MX7_CReV1UelSpvYjpNVLeREToIWqJQloqfg_s8O_zccuhThOMW5mxr0XR4aDE2t78KKPc7tJT_0ZUK_gXJAdxRvSevrmICtSKEE57bTaagCIyeIcRL5DCVldG8hi7s.Gadc2GTwamW_sNRtVvHWJ5n0WEMUKkpzoOnboSD5kKg&dib_tag=se&qid=1740506662&s=computers&sr=1-4
XKCZ Cable Lightning Charging Braided,Electronics,92,XKCZ,https://www.amazon.eg/-/en/XKCZ-Cable-Lightning-Charging-Braided/dp/B0D5XVSTST/ref=sr_1_5?dib=eyJ2IjoiMSJ9.gfyxolwzX4sJlmGxSBMVrYxQ5NJo9_QxAV_FTDFgSTu2gjoI9DC0L0GQfHkaL1BNvl3U3EbQKdGfnhSDmgf5hJxCIemg4gM7OpPmxLrAPiymg5mQluOA-7Vc0Sb_6JY7w4VsmK2R2V7o8m_DivjD1WD2kMISXe1j_4QGDyHp5756MX7_CReV1UelSpvYjpNVLeREToIWqJQloqfg_s8O_zccuhThOMW5mxr0XR4aDE2t78KKPc7tJT_0ZUK_gXJAdxRvSevrmICtSKEE57bTaagCIyeIcRL5DCVldG8hi7s.Gadc2GTwamW_sNRtVvHWJ5n0WEMUKkpzoOnboSD5kKg&dib_tag=se&qid=1740506662&s=computers&sr=1-5
TP Link 300MBPS TL WA850RE Wi Fi Extender,Electronics,595,TP,https://www.amazon.eg/-/en/TP-Link-300MBPS-TL-WA850RE-Wi-Fi-Extender/dp/B00AHXXJVW/ref=sr_1_6?dib=eyJ2IjoiMSJ9.gfyxolwzX4sJlmGxSBMVrYxQ5NJo9_QxAV_FTDFgSTu2gjoI9DC0L0GQfHkaL1BNvl3U3EbQKdGfnhSDmgf5hJxCIemg4gM7OpPmxLrAPiymg5mQluOA-7Vc0Sb_6JY7w4VsmK2R2V7o8m_DivjD1WD2kMISXe1j_4QGDyHp5756MX7_CReV1UelSpvYjpNVLeREToIWqJQloqfg_s8O_zccuhThOMW5mxr0XR4aDE2t78KKPc7tJT_0ZUK_gXJAdxRvSevrmICtSKEE57bTaagCIyeIcRL5DCVldG8hi7s.Gadc2GTwamW_sNRtVvHWJ5n0WEMUKkpzoOnboSD5kKg&dib_tag=se&qid=1740506662&s=computers&sr=1-6
KANMABPC Wireless Bluetooth Rechargeable Receiver,Electronics,153,KANMABPC,https://www.amazon.eg/-/en/KANMABPC-Wireless-Bluetooth-Rechargeable-Receiver/dp/B0BYD5H31D/ref=sr_1_7?dib=eyJ2IjoiMSJ9.gfyxolwzX4sJlmGxSBMVrYxQ5NJo9_QxAV_FTDFgSTu2gjoI9DC0L0GQfHkaL1BNvl3U3EbQKdGfnhSDmgf5hJxCIemg4gM7OpPmxLrAPiymg5mQluOA-7Vc0Sb_6JY7w4VsmK2R2V7o8m_DivjD1WD2kMISXe1j_4QGDyHp5756MX7_CReV1UelSpvYjpNVLeREToIWqJQloqfg_s8O_zccuhThOMW5mxr0XR4aDE2t78KKPc7tJT_0ZUK_gXJAdxRvSevrmICtSKEE57bTaagCIyeIcRL5DCVldG8hi7s.Gadc2GTwamW_sNRtVvHWJ5n0WEMUKkpzoOnboSD5kKg&dib_tag=se&qid=1740506662&s=computers&sr=1-7
WD Passport Portable External Drive,Electronics,"3,650.00",WD,https://www.amazon.eg/-/en/WD-Passport-Portable-External-Drive/dp/B07VTFN6HM/ref=sr_1_8?dib=eyJ2IjoiMSJ9.gfyxolwzX4sJlmGxSBMVrYxQ5NJo9_QxAV_FTDFgSTu2gjoI9DC0L0GQfHkaL1BNvl3U3EbQKdGfnhSDmgf5hJxCIemg4gM7OpPmxLrAPiymg5mQluOA-7Vc0Sb_6JY7w4VsmK2R2V7o8m_DivjD1WD2kMISXe1j_4QGDyHp5756MX7_CReV1UelSpvYjpNVLeREToIWqJQloqfg_s8O_zccuhThOMW5mxr0XR4aDE2t78KKPc7tJT_0ZUK_gXJAdxRvSevrmICtSKEE57bTaagCIyeIcRL5DCVldG8hi7s.Gadc2GTwamW_sNRtVvHWJ5n0WEMUKkpzoOnboSD5kKg&dib_tag=se&qid=1740506662&s=computers&sr=1-8
HP Laptop 15s 15s fq5048ne CPU,Electronics,"15,999.00",HP,https://www.amazon.eg/-/en/HP-Laptop-15s-15s-fq5048ne-CPU/dp/B0BM548V9Q/ref=sr_1_9?dib=eyJ2IjoiMSJ9.gfyxolwzX4sJlmGxSBMVrYxQ5NJo9_QxAV_FTDFgSTu2gjoI9DC0L0GQfHkaL1BNvl3U3EbQKdGfnhSDmgf5hJxCIemg4gM7OpPmxLrAPiymg5mQluOA-7Vc0Sb_6JY7w4VsmK2R2V7o8m_DivjD1WD2kMISXe1j_4QGDyHp5756MX7_CReV1UelSpvYjpNVLeREToIWqJQloqfg_s8O_zccuhThOMW5mxr0XR4aDE2t78KKPc7tJT_0ZUK_gXJAdxRvSevrmICtSKEE57bTaagCIyeIcRL5DCVldG8hi7s.Gadc2GTwamW_sNRtVvHWJ5n0WEMUKkpzoOnboSD5kKg&dib_tag=se&qid=1740506662&s=computers&sr=1-9
Xiaomi stick Bluetooth remote control,Electronics,"2,157.00",Xiaomi,https://www.amazon.eg/-/en/Xiaomi-stick-Bluetooth-remote-control/dp/B08B8F63XP/ref=sr_1_10?dib=eyJ2IjoiMSJ9.gfyxolwzX4sJlmGxSBMVrYxQ5NJo9_QxAV_FTDFgSTu2gjoI9DC0L0GQfHkaL1BNvl3U3EbQKdGfnhSDmgf5hJxCIemg4gM7OpPmxLrAPiymg5mQluOA-7Vc0Sb_6JY7w4VsmK2R2V7o8m_DivjD1WD2kMISXe1j_4QGDyHp5756MX7_CReV1UelSpvYjpNVLeREToIWqJQloqfg_s8O_zccuhThOMW5mxr0XR4aDE2t78KKPc7tJT_0ZUK_gXJAdxRvSevrmICtSKEE57bTaagCIyeIcRL5DCVldG8hi7s.Gadc2GTwamW_sNRtVvHWJ5n0WEMUKkpzoOnboSD5kKg&dib_tag=se&qid=1740506662&s=computers&sr=1-10
TP Link AC1200 Archer VR300 Wireless,Electronics,"1,744.00",TP,https://www.amazon.eg/-/en/TP-Link-AC1200-Archer-VR300-Wireless/dp/B077PZLGVB/ref=sr_1_11?dib=eyJ2IjoiMSJ9.gfyxolwzX4sJlmGxSBMVrYxQ5NJo9_QxAV_FTDFgSTu2gjoI9DC0L0GQfHkaL1BNvl3U3EbQKdGfnhSDmgf5hJxCIemg4gM7OpPmxLrAPiymg5mQluOA-7Vc0Sb_6JY7w4VsmK2R2V7o8m_DivjD1WD2kMISXe1j_4QGDyHp5756MX7_CReV1UelSpvYjpNVLeREToIWqJQloqfg_s8O_zccuhThOMW5mxr0XR4aDE2t78KKPc7tJT_0ZUK_gXJAdxRvSevrmICtSKEE57bTaagCIyeIcRL5DCVldG8hi7s.Gadc2GTwamW_sNRtVvHWJ5n0WEMUKkpzoOnboSD5kKg&dib_tag=se&qid=1740506662&s=computers&sr=1-11
Astory Laptop Table Portable Reading,Electronics,216,Astory,https://www.amazon.eg/-/en/Astory-Laptop-Table-Portable-Reading/dp/B08LGRD9C3/ref=sr_1_12?dib=eyJ2IjoiMSJ9.gfyxolwzX4sJlmGxSBMVrYxQ5NJo9_QxAV_FTDFgSTu2gjoI9DC0L0GQfHkaL1BNvl3U3EbQKdGfnhSDmgf5hJxCIemg4gM7OpPmxLrAPiymg5mQluOA-7Vc0Sb_6JY7w4VsmK2R2V7o8m_DivjD1WD2kMISXe1j_4QGDyHp5756MX7_CReV1UelSpvYjpNVLeREToIWqJQloqfg_s8O_zccuhThOMW5mxr0XR4aDE2t78KKPc7tJT_0ZUK_gXJAdxRvSevrmICtSKEE57bTaagCIyeIcRL5DCVldG8hi7s.Gadc2GTwamW_sNRtVvHWJ5n0WEMUKkpzoOnboSD5kKg&dib_tag=se&qid=1740506662&s=computers&sr=1-12
ANKER USB C Cable Charger A81F6H11,Electronics,180,ANKER,https://www.amazon.eg/-/en/ANKER-USB-C-Cable-Charger-A81F6H11/dp/B0C5Y11VMM/ref=sr_1_13?dib=eyJ2IjoiMSJ9.gfyxolwzX4sJlmGxSBMVrYxQ5NJo9_QxAV_FTDFgSTu2gjoI9DC0L0GQfHkaL1BNvl3U3EbQKdGfnhSDmgf5hJxCIemg4gM7OpPmxLrAPiymg5mQluOA-7Vc0Sb_6JY7w4VsmK2R2V7o8m_DivjD1WD2kMISXe1j_4QGDyHp5756MX7_CReV1UelSpvYjpNVLeREToIWqJQloqfg_s8O_zccuhThOMW5mxr0XR4aDE2t78KKPc7tJT_0ZUK_gXJAdxRvSevrmICtSKEE57bTaagCIyeIcRL5DCVldG8hi7s.Gadc2GTwamW_sNRtVvHWJ5n0WEMUKkpzoOnboSD5kKg&dib_tag=se&qid=1740506662&s=computers&sr=1-13
Xiaomi Snapdragon Speakers Bluetooth manufacturer,Electronics,"9,888.00",Xiaomi,https://www.amazon.eg/-/en/Xiaomi-Snapdragon-Speakers-Bluetooth-manufacturer/dp/B0CL9K99P8/ref=sr_1_14?dib=eyJ2IjoiMSJ9.gfyxolwzX4sJlmGxSBMVrYxQ5NJo9_QxAV_FTDFgSTu2gjoI9DC0L0GQfHkaL1BNvl3U3EbQKdGfnhSDmgf5hJxCIemg4gM7OpPmxLrAPiymg5mQluOA-7Vc0Sb_6JY7w4VsmK2R2V7o8m_DivjD1WD2kMISXe1j_4QGDyHp5756MX7_CReV1UelSpvYjpNVLeREToIWqJQloqfg_s8O_zccuhThOMW5mxr0XR4aDE2t78KKPc7tJT_0ZUK_gXJAdxRvSevrmICtSKEE57bTaagCIyeIcRL5DCVldG8hi7s.Gadc2GTwamW_sNRtVvHWJ5n0WEMUKkpzoOnboSD5kKg&dib_tag=se&qid=1740506662&s=computers&sr=1-14
Kingston 64GB micSDXC Canvas SDCS2,Electronics,214,Kingston,https://www.amazon.eg/-/en/Kingston-64GB-micSDXC-Canvas-SDCS2/dp/B07YGZQ4H8/ref=sr_1_15?dib=eyJ2IjoiMSJ9.gfyxolwzX4sJlmGxSBMVrYxQ5NJo9_QxAV_FTDFgSTu2gjoI9DC0L0GQfHkaL1BNvl3U3EbQKdGfnhSDmgf5hJxCIemg4gM7OpPmxLrAPiymg5mQluOA-7Vc0Sb_6JY7w4VsmK2R2V7o8m_DivjD1WD2kMISXe1j_4QGDyHp5756MX7_CReV1UelSpvYjpNVLeREToIWqJQloqfg_s8O_zccuhThOMW5mxr0XR4aDE2t78KKPc7tJT_0ZUK_gXJAdxRvSevrmICtSKEE57bTaagCIyeIcRL5DCVldG8hi7s.Gadc2GTwamW_sNRtVvHWJ5n0WEMUKkpzoOnboSD5kKg&dib_tag=se&qid=1740506662&s=computers&sr=1-15
Xiaomi 1920%C3%971080 Freesync manufacturer warranty,Electronics,"5,777.00",Xiaomi,https://www.amazon.eg/-/en/Xiaomi-1920%C3%971080-Freesync-manufacturer-warranty/dp/B0DH9G5NNX/ref=sr_1_16?dib=eyJ2IjoiMSJ9.gfyxolwzX4sJlmGxSBMVrYxQ5NJo9_QxAV_FTDFgSTu2gjoI9DC0L0GQfHkaL1BNvl3U3EbQKdGfnhSDmgf5hJxCIemg4gM7OpPmxLrAPiymg5mQluOA-7Vc0Sb_6JY7w4VsmK2R2V7o8m_DivjD1WD2kMISXe1j_4QGDyHp5756MX7_CReV1UelSpvYjpNVLeREToIWqJQloqfg_s8O_zccuhThOMW5mxr0XR4aDE2t78KKPc7tJT_0ZUK_gXJAdxRvSevrmICtSKEE57bTaagCIyeIcRL5DCVldG8hi7s.Gadc2GTwamW_sNRtVvHWJ5n0WEMUKkpzoOnboSD5kKg&dib_tag=se&qid=1740506662&s=computers&sr=1-16
HP Victus Gaming Laptop 15 fb0032ne,Electronics,"30,999.00",HP,https://www.amazon.eg/-/en/HP-Victus-Gaming-Laptop-15-fb0032ne/dp/B0BM569DHD/ref=sr_1_17?dib=eyJ2IjoiMSJ9.gfyxolwzX4sJlmGxSBMVrYxQ5NJo9_QxAV_FTDFgSTu2gjoI9DC0L0GQfHkaL1BNvl3U3EbQKdGfnhSDmgf5hJxCIemg4gM7OpPmxLrAPiymg5mQluOA-7Vc0Sb_6JY7w4VsmK2R2V7o8m_DivjD1WD2kMISXe1j_4QGDyHp5756MX7_CReV1UelSpvYjpNVLeREToIWqJQloqfg_s8O_zccuhThOMW5mxr0XR4aDE2t78KKPc7tJT_0ZUK_gXJAdxRvSevrmICtSKEE57bTaagCIyeIcRL5DCVldG8hi7s.Gadc2GTwamW_sNRtVvHWJ5n0WEMUKkpzoOnboSD5kKg&dib_tag=se&qid=1740506662&s=computers&sr=1-17
SanDisk Portable SSD 1TB SDSSDE30 1T00 G26,Electronics,"3,981.00",SanDisk,https://www.amazon.eg/-/en/SanDisk-Portable-SSD-1TB-SDSSDE30-1T00-G26/dp/B0C5JQ68FY/ref=sr_1_18?dib=eyJ2IjoiMSJ9.gfyxolwzX4sJlmGxSBMVrYxQ5NJo9_QxAV_FTDFgSTu2gjoI9DC0L0GQfHkaL1BNvl3U3EbQKdGfnhSDmgf5hJxCIemg4gM7OpPmxLrAPiymg5mQluOA-7Vc0Sb_6JY7w4VsmK2R2V7o8m_DivjD1WD2kMISXe1j_4QGDyHp5756MX7_CReV1UelSpvYjpNVLeREToIWqJQloqfg_s8O_zccuhThOMW5mxr0XR4aDE2t78KKPc7tJT_0ZUK_gXJAdxRvSevrmICtSKEE57bTaagCIyeIcRL5DCVldG8hi7s.Gadc2GTwamW_sNRtVvHWJ5n0WEMUKkpzoOnboSD5kKg&dib_tag=se&qid=1740506662&s=computers&sr=1-18
Kingston 128GB Exodia 3 20 Flash,Electronics,309,Kingston,https://www.amazon.eg/-/en/Kingston-128GB-Exodia-3-20-Flash/dp/B08JD4TBM3/ref=sr_1_19?dib=eyJ2IjoiMSJ9.gfyxolwzX4sJlmGxSBMVrYxQ5NJo9_QxAV_FTDFgSTu2gjoI9DC0L0GQfHkaL1BNvl3U3EbQKdGfnhSDmgf5hJxCIemg4gM7OpPmxLrAPiymg5mQluOA-7Vc0Sb_6JY7w4VsmK2R2V7o8m_DivjD1WD2kMISXe1j_4QGDyHp5756MX7_CReV1UelSpvYjpNVLeREToIWqJQloqfg_s8O_zccuhThOMW5mxr0XR4aDE2t78KKPc7tJT_0ZUK_gXJAdxRvSevrmICtSKEE57bTaagCIyeIcRL5DCVldG8hi7s.Gadc2GTwamW_sNRtVvHWJ5n0WEMUKkpzoOnboSD5kKg&dib_tag=se&qid=1740506662&s=computers&sr=1-19
Anker Durability Braided Charging Compatible,Electronics,N/A,Anker,https://www.amazon.eg/-/en/Anker-Durability-Braided-Charging-Compatible/dp/B0DH8JZ2Z4/ref=sr_1_20?dib=eyJ2IjoiMSJ9.gfyxolwzX4sJlmGxSBMVrYxQ5NJo9_QxAV_FTDFgSTu2gjoI9DC0L0GQfHkaL1BNvl3U3EbQKdGfnhSDmgf5hJxCIemg4gM7OpPmxLrAPiymg5mQluOA-7Vc0Sb_6JY7w4VsmK2R2V7o8m_DivjD1WD2kMISXe1j_4QGDyHp5756MX7_CReV1UelSpvYjpNVLeREToIWqJQloqfg_s8O_zccuhThOMW5mxr0XR4aDE2t78KKPc7tJT_0ZUK_gXJAdxRvSevrmICtSKEE57bTaagCIyeIcRL5DCVldG8hi7s.Gadc2GTwamW_sNRtVvHWJ5n0WEMUKkpzoOnboSD5kKg&dib_tag=se&qid=1740506662&s=computers&sr=1-20
SanDisk Ultra MicroSD Smartphones Warranty,Electronics,555,SanDisk,https://www.amazon.eg/-/en/SanDisk-Ultra-MicroSD-Smartphones-Warranty/dp/B0BDYVC5TD/ref=sr_1_21?dib=eyJ2IjoiMSJ9.gfyxolwzX4sJlmGxSBMVrYxQ5NJo9_QxAV_FTDFgSTu2gjoI9DC0L0GQfHkaL1BNvl3U3EbQKdGfnhSDmgf5hJxCIemg4gM7OpPmxLrAPiymg5mQluOA-7Vc0Sb_6JY7w4VsmK2R2V7o8m_DivjD1WD2kMISXe1j_4QGDyHp5756MX7_CReV1UelSpvYjpNVLeREToIWqJQloqfg_s8O_zccuhThOMW5mxr0XR4aDE2t78KKPc7tJT_0ZUK_gXJAdxRvSevrmICtSKEE57bTaagCIyeIcRL5DCVldG8hi7s.Gadc2GTwamW_sNRtVvHWJ5n0WEMUKkpzoOnboSD5kKg&dib_tag=se&qid=1740506662&s=computers&sr=1-21
Galaxy Tab A9 Graphite 1 Warranty,Electronics,"9,399.00",Galaxy,https://www.amazon.eg/-/en/Galaxy-Tab-A9-Graphite-1-Warranty/dp/B0CKW2LX49/ref=sr_1_22?dib=eyJ2IjoiMSJ9.gfyxolwzX4sJlmGxSBMVrYxQ5NJo9_QxAV_FTDFgSTu2gjoI9DC0L0GQfHkaL1BNvl3U3EbQKdGfnhSDmgf5hJxCIemg4gM7OpPmxLrAPiymg5mQluOA-7Vc0Sb_6JY7w4VsmK2R2V7o8m_DivjD1WD2kMISXe1j_4QGDyHp5756MX7_CReV1UelSpvYjpNVLeREToIWqJQloqfg_s8O_zccuhThOMW5mxr0XR4aDE2t78KKPc7tJT_0ZUK_gXJAdxRvSevrmICtSKEE57bTaagCIyeIcRL5DCVldG8hi7s.Gadc2GTwamW_sNRtVvHWJ5n0WEMUKkpzoOnboSD5kKg&dib_tag=se&qid=1740506662&s=computers&sr=1-22
Lenovo Calling Protective 1920x1200 Processor,Electronics,"7,998.00",Lenovo,https://www.amazon.eg/-/en/Lenovo-Calling-Protective-1920x1200-Processor/dp/B0BYXC1QDL/ref=sr_1_23?dib=eyJ2IjoiMSJ9.gfyxolwzX4sJlmGxSBMVrYxQ5NJo9_QxAV_FTDFgSTu2gjoI9DC0L0GQfHkaL1BNvl3U3EbQKdGfnhSDmgf5hJxCIemg4gM7OpPmxLrAPiymg5mQluOA-7Vc0Sb_6JY7w4VsmK2R2V7o8m_DivjD1WD2kMISXe1j_4QGDyHp5756MX7_CReV1UelSpvYjpNVLeREToIWqJQloqfg_s8O_zccuhThOMW5mxr0XR4aDE2t78KKPc7tJT_0ZUK_gXJAdxRvSevrmICtSKEE57bTaagCIyeIcRL5DCVldG8hi7s.Gadc2GTwamW_sNRtVvHWJ5n0WEMUKkpzoOnboSD5kKg&dib_tag=se&qid=1740506662&s=computers&sr=1-23
Energy Case Bag Multifunction Backpacks,Electronics,278,Energy,https://www.amazon.eg/-/en/Energy-Case-Bag-Multifunction-Backpacks/dp/B0DSLXPJ3W/ref=sr_1_24?dib=eyJ2IjoiMSJ9.gfyxolwzX4sJlmGxSBMVrYxQ5NJo9_QxAV_FTDFgSTu2gjoI9DC0L0GQfHkaL1BNvl3U3EbQKdGfnhSDmgf5hJxCIemg4gM7OpPmxLrAPiymg5mQluOA-7Vc0Sb_6JY7w4VsmK2R2V7o8m_DivjD1WD2kMISXe1j_4QGDyHp5756MX7_CReV1UelSpvYjpNVLeREToIWqJQloqfg_s8O_zccuhThOMW5mxr0XR4aDE2t78KKPc7tJT_0ZUK_gXJAdxRvSevrmICtSKEE57bTaagCIyeIcRL5DCVldG8hi7s.Gadc2GTwamW_sNRtVvHWJ5n0WEMUKkpzoOnboSD5kKg&dib_tag=se&qid=1740506662&s=computers&sr=1-24
Samsung Android Smartphone Storage Warranty,Electronics,"19,999.00",Samsung,https://www.amazon.eg/-/en/Samsung-Android-Smartphone-Storage-Warranty/dp/B0CX95PRMC/ref=sr_1_4?_encoding=UTF8&dib=eyJ2IjoiMSJ9.caTnm52XpFoyZtkRU5VROKbqUuFpGXiCoHZi3NhagPqUrzgaBllw562xA-2breyLGHghLoup-iT6T_2RTyzz_TAwEENtG-x00W6r7C9_98Nqa_lQPxZAJB1JjJ3PmEMYanouXRwRukYoCJAFkn6JgCTPM5MZlxbrfhNg4Z7UJw3CKEvvkeOgv6Q1mdc36p8giVJ3_AGJ2t-8MsFwaeKAwiOUt3zLOyKWygbTk6inmkBF8LC8venN9pJnT13QyynDa9c1MJ-By3dQ8FYLkiQv00v73yo5jd__6aZuC7LuIko.rSLnAbFybiXbmL7P2d8ZJPdNizvBf_jDX7IC17IBAwQ&dib_tag=se&qid=1740507060&refinements=p_36%3A1500000-&s=electronics&sr=1-4
Samsung Android Smartphone Storage Warranty,Electronics,"18,999.00",Samsung,https://www.amazon.eg/-/en/Samsung-Android-Smartphone-Storage-Warranty/dp/B0DNMLZBW9/ref=sr_1_5?_encoding=UTF8&dib=eyJ2IjoiMSJ9.caTnm52XpFoyZtkRU5VROKbqUuFpGXiCoHZi3NhagPqUrzgaBllw562xA-2breyLGHghLoup-iT6T_2RTyzz_TAwEENtG-x00W6r7C9_98Nqa_lQPxZAJB1JjJ3PmEMYanouXRwRukYoCJAFkn6JgCTPM5MZlxbrfhNg4Z7UJw3CKEvvkeOgv6Q1mdc36p8giVJ3_AGJ2t-8MsFwaeKAwiOUt3zLOyKWygbTk6inmkBF8LC8venN9pJnT13QyynDa9c1MJ-By3dQ8FYLkiQv00v73yo5jd__6aZuC7LuIko.rSLnAbFybiXbmL7P2d8ZJPdNizvBf_jDX7IC17IBAwQ&dib_tag=se&qid=1740507060&refinements=p_36%3A1500000-&s=electronics&sr=1-5
Oppo Reno Phone 256Gb Capacity,Electronics,"18,741.00",Oppo,https://www.amazon.eg/-/en/Oppo-Reno-Phone-256Gb-Capacity/dp/B0DWXXWK3V/ref=sr_1_6?_encoding=UTF8&dib=eyJ2IjoiMSJ9.caTnm52XpFoyZtkRU5VROKbqUuFpGXiCoHZi3NhagPqUrzgaBllw562xA-2breyLGHghLoup-iT6T_2RTyzz_TAwEENtG-x00W6r7C9_98Nqa_lQPxZAJB1JjJ3PmEMYanouXRwRukYoCJAFkn6JgCTPM5MZlxbrfhNg4Z7UJw3CKEvvkeOgv6Q1mdc36p8giVJ3_AGJ2t-8MsFwaeKAwiOUt3zLOyKWygbTk6inmkBF8LC8venN9pJnT13QyynDa9c1MJ-By3dQ8FYLkiQv00v73yo5jd__6aZuC7LuIko.rSLnAbFybiXbmL7P2d8ZJPdNizvBf_jDX7IC17IBAwQ&dib_tag=se&qid=1740507060&refinements=p_36%3A1500000-&s=electronics&sr=1-6
Oppo Reno Mobile Phone 256GB,Electronics,"15,555.00",Oppo,https://www.amazon.eg/-/en/Oppo-Reno-Mobile-Phone-256GB/dp/B0DB2P8HJ6/ref=sr_1_7?_encoding=UTF8&dib=eyJ2IjoiMSJ9.caTnm52XpFoyZtkRU5VROKbqUuFpGXiCoHZi3NhagPqUrzgaBllw562xA-2breyLGHghLoup-iT6T_2RTyzz_TAwEENtG-x00W6r7C9_98Nqa_lQPxZAJB1JjJ3PmEMYanouXRwRukYoCJAFkn6JgCTPM5MZlxbrfhNg4Z7UJw3CKEvvkeOgv6Q1mdc36p8giVJ3_AGJ2t-8MsFwaeKAwiOUt3zLOyKWygbTk6inmkBF8LC8venN9pJnT13QyynDa9c1MJ-By3dQ8FYLkiQv00v73yo5jd__6aZuC7LuIko.rSLnAbFybiXbmL7P2d8ZJPdNizvBf_jDX7IC17IBAwQ&dib_tag=se&qid=1740507060&refinements=p_36%3A1500000-&s=electronics&sr=1-7
SAMSUNG Android Smartphone Storage Battery,Electronics,"38,888.00",SAMSUNG,https://www.amazon.eg/-/en/SAMSUNG-Android-Smartphone-Storage-Battery/dp/B0CQYZYGMM/ref=sr_1_8?_encoding=UTF8&dib=eyJ2IjoiMSJ9.caTnm52XpFoyZtkRU5VROKbqUuFpGXiCoHZi3NhagPqUrzgaBllw562xA-2breyLGHghLoup-iT6T_2RTyzz_TAwEENtG-x00W6r7C9_98Nqa_lQPxZAJB1JjJ3PmEMYanouXRwRukYoCJAFkn6JgCTPM5MZlxbrfhNg4Z7UJw3CKEvvkeOgv6Q1mdc36p8giVJ3_AGJ2t-8MsFwaeKAwiOUt3zLOyKWygbTk6inmkBF8LC8venN9pJnT13QyynDa9c1MJ-By3dQ8FYLkiQv00v73yo5jd__6aZuC7LuIko.rSLnAbFybiXbmL7P2d8ZJPdNizvBf_jDX7IC17IBAwQ&dib_tag=se&qid=1740507060&refinements=p_36%3A1500000-&s=electronics&sr=1-8
Samsung Android Smartphone Storage Graphite,Electronics,"35,999.00",Samsung,https://www.amazon.eg/-/en/Samsung-Android-Smartphone-Storage-Graphite/dp/B0DHKN3HV4/ref=sr_1_9?_encoding=UTF8&dib=eyJ2IjoiMSJ9.caTnm52XpFoyZtkRU5VROKbqUuFpGXiCoHZi3NhagPqUrzgaBllw562xA-2breyLGHghLoup-iT6T_2RTyzz_TAwEENtG-x00W6r7C9_98Nqa_lQPxZAJB1JjJ3PmEMYanouXRwRukYoCJAFkn6JgCTPM5MZlxbrfhNg4Z7UJw3CKEvvkeOgv6Q1mdc36p8giVJ3_AGJ2t-8MsFwaeKAwiOUt3zLOyKWygbTk6inmkBF8LC8venN9pJnT13QyynDa9c1MJ-By3dQ8FYLkiQv00v73yo5jd__6aZuC7LuIko.rSLnAbFybiXbmL7P2d8ZJPdNizvBf_jDX7IC17IBAwQ&dib_tag=se&qid=1740507060&refinements=p_36%3A1500000-&s=electronics&sr=1-9
HONOR Magic7 Lunar Shadow Earbuds,Electronics,"55,555.00",HONOR,https://www.amazon.eg/-/en/HONOR-Magic7-Lunar-Shadow-Earbuds/dp/B0DRW343HR/ref=sr_1_10?_encoding=UTF8&dib=eyJ2IjoiMSJ9.caTnm52XpFoyZtkRU5VROKbqUuFpGXiCoHZi3NhagPqUrzgaBllw562xA-2breyLGHghLoup-iT6T_2RTyzz_TAwEENtG-x00W6r7C9_98Nqa_lQPxZAJB1JjJ3PmEMYanouXRwRukYoCJAFkn6JgCTPM5MZlxbrfhNg4Z7UJw3CKEvvkeOgv6Q1mdc36p8giVJ3_AGJ2t-8MsFwaeKAwiOUt3zLOyKWygbTk6inmkBF8LC8venN9pJnT13QyynDa9c1MJ-By3dQ8FYLkiQv00v73yo5jd__6aZuC7LuIko.rSLnAbFybiXbmL7P2d8ZJPdNizvBf_jDX7IC17IBAwQ&dib_tag=se&qid=1740507060&refinements=p_36%3A1500000-&s=electronics&sr=1-10
Oppo Reno Phone 256Gb Capacity,Electronics,"26,888.00",Oppo,https://www.amazon.eg/-/en/Oppo-Reno-Phone-256Gb-Capacity/dp/B0DWXX3QDG/ref=sr_1_11?_encoding=UTF8&dib=eyJ2IjoiMSJ9.caTnm52XpFoyZtkRU5VROKbqUuFpGXiCoHZi3NhagPqUrzgaBllw562xA-2breyLGHghLoup-iT6T_2RTyzz_TAwEENtG-x00W6r7C9_98Nqa_lQPxZAJB1JjJ3PmEMYanouXRwRukYoCJAFkn6JgCTPM5MZlxbrfhNg4Z7UJw3CKEvvkeOgv6Q1mdc36p8giVJ3_AGJ2t-8MsFwaeKAwiOUt3zLOyKWygbTk6inmkBF8LC8venN9pJnT13QyynDa9c1MJ-By3dQ8FYLkiQv00v73yo5jd__6aZuC7LuIko.rSLnAbFybiXbmL7P2d8ZJPdNizvBf_jDX7IC17IBAwQ&dib_tag=se&qid=1740507060&refinements=p_36%3A1500000-&s=electronics&sr=1-11
SAMSUNG Android Smartphone Storage Titanium,Electronics,"53,443.00",SAMSUNG,https://www.amazon.eg/-/en/SAMSUNG-Android-Smartphone-Storage-Titanium/dp/B0D47KRGDK/ref=sr_1_12?_encoding=UTF8&dib=eyJ2IjoiMSJ9.caTnm52XpFoyZtkRU5VROKbqUuFpGXiCoHZi3NhagPqUrzgaBllw562xA-2breyLGHghLoup-iT6T_2RTyzz_TAwEENtG-x00W6r7C9_98Nqa_lQPxZAJB1JjJ3PmEMYanouXRwRukYoCJAFkn6JgCTPM5MZlxbrfhNg4Z7UJw3CKEvvkeOgv6Q1mdc36p8giVJ3_AGJ2t-8MsFwaeKAwiOUt3zLOyKWygbTk6inmkBF8LC8venN9pJnT13QyynDa9c1MJ-By3dQ8FYLkiQv00v73yo5jd__6aZuC7LuIko.rSLnAbFybiXbmL7P2d8ZJPdNizvBf_jDX7IC17IBAwQ&dib_tag=se&qid=1740507060&refinements=p_36%3A1500000-&s=electronics&sr=1-12
SAMSUNG Android Smartphone Storage Titanium,Electronics,"55,700.00",SAMSUNG,https://www.amazon.eg/-/en/SAMSUNG-Android-Smartphone-Storage-Titanium/dp/B0D47K7F3J/ref=sr_1_16?_encoding=UTF8&dib=eyJ2IjoiMSJ9.caTnm52XpFoyZtkRU5VROKbqUuFpGXiCoHZi3NhagPqUrzgaBllw562xA-2breyLGHghLoup-iT6T_2RTyzz_TAwEENtG-x00W6r7C9_98Nqa_lQPxZAJB1JjJ3PmEMYanouXRwRukYoCJAFkn6JgCTPM5MZlxbrfhNg4Z7UJw3CKEvvkeOgv6Q1mdc36p8giVJ3_AGJ2t-8MsFwaeKAwiOUt3zLOyKWygbTk6inmkBF8LC8venN9pJnT13QyynDa9c1MJ-By3dQ8FYLkiQv00v73yo5jd__6aZuC7LuIko.rSLnAbFybiXbmL7P2d8ZJPdNizvBf_jDX7IC17IBAwQ&dib_tag=se&qid=1740507060&refinements=p_36%3A1500000-&s=electronics&sr=1-16
Apple iPhone 15 128 GB,Electronics,N/A,Apple,https://www.amazon.eg/-/en/Apple-iPhone-15-128-GB/dp/B0CHXHSD5X/ref=sr_1_17?_encoding=UTF8&dib=eyJ2IjoiMSJ9.caTnm52XpFoyZtkRU5VROKbqUuFpGXiCoHZi3NhagPqUrzgaBllw562xA-2breyLGHghLoup-iT6T_2RTyzz_TAwEENtG-x00W6r7C9_98Nqa_lQPxZAJB1JjJ3PmEMYanouXRwRukYoCJAFkn6JgCTPM5MZlxbrfhNg4Z7UJw3CKEvvkeOgv6Q1mdc36p8giVJ3_AGJ2t-8MsFwaeKAwiOUt3zLOyKWygbTk6inmkBF8LC8venN9pJnT13QyynDa9c1MJ-By3dQ8FYLkiQv00v73yo5jd__6aZuC7LuIko.rSLnAbFybiXbmL7P2d8ZJPdNizvBf_jDX7IC17IBAwQ&dib_tag=se&qid=1740507060&refinements=p_36%3A1500000-&s=electronics&sr=1-17
HONOR 12GB 256GB Sunrise Orange,Electronics,N/A,HONOR,https://www.amazon.eg/-/en/HONOR-12GB-256GB-Sunrise-Orange/dp/B0DMDS972H/ref=sr_1_18?_encoding=UTF8&dib=eyJ2IjoiMSJ9.caTnm52XpFoyZtkRU5VROKbqUuFpGXiCoHZi3NhagPqUrzgaBllw562xA-2breyLGHghLoup-iT6T_2RTyzz_TAwEENtG-x00W6r7C9_98Nqa_lQPxZAJB1JjJ3PmEMYanouXRwRukYoCJAFkn6JgCTPM5MZlxbrfhNg4Z7UJw3CKEvvkeOgv6Q1mdc36p8giVJ3_AGJ2t-8MsFwaeKAwiOUt3zLOyKWygbTk6inmkBF8LC8venN9pJnT13QyynDa9c1MJ-By3dQ8FYLkiQv00v73yo5jd__6aZuC7LuIko.rSLnAbFybiXbmL7P2d8ZJPdNizvBf_jDX7IC17IBAwQ&dib_tag=se&qid=1740507060&refinements=p_36%3A1500000-&s=electronics&sr=1-18
Samsung Android Smartphone Storage Warranty,Electronics,N/A,Samsung,https://www.amazon.eg/-/en/Samsung-Android-Smartphone-Storage-Warranty/dp/B0CX9651RT/ref=sr_1_19?_encoding=UTF8&dib=eyJ2IjoiMSJ9.caTnm52XpFoyZtkRU5VROKbqUuFpGXiCoHZi3NhagPqUrzgaBllw562xA-2breyLGHghLoup-iT6T_2RTyzz_TAwEENtG-x00W6r7C9_98Nqa_lQPxZAJB1JjJ3PmEMYanouXRwRukYoCJAFkn6JgCTPM5MZlxbrfhNg4Z7UJw3CKEvvkeOgv6Q1mdc36p8giVJ3_AGJ2t-8MsFwaeKAwiOUt3zLOyKWygbTk6inmkBF8LC8venN9pJnT13QyynDa9c1MJ-By3dQ8FYLkiQv00v73yo5jd__6aZuC7LuIko.rSLnAbFybiXbmL7P2d8ZJPdNizvBf_jDX7IC17IBAwQ&dib_tag=se&qid=1740507060&refinements=p_36%3A1500000-&s=electronics&sr=1-19
Apple iPhone Pro Max 256,Electronics,"76,990.00",Apple,https://www.amazon.eg/-/en/Apple-iPhone-Pro-Max-256/dp/B0DGJ2B51D/ref=sr_1_20?_encoding=UTF8&dib=eyJ2IjoiMSJ9.caTnm52XpFoyZtkRU5VROKbqUuFpGXiCoHZi3NhagPqUrzgaBllw562xA-2breyLGHghLoup-iT6T_2RTyzz_TAwEENtG-x00W6r7C9_98Nqa_lQPxZAJB1JjJ3PmEMYanouXRwRukYoCJAFkn6JgCTPM5MZlxbrfhNg4Z7UJw3CKEvvkeOgv6Q1mdc36p8giVJ3_AGJ2t-8MsFwaeKAwiOUt3zLOyKWygbTk6inmkBF8LC8venN9pJnT13QyynDa9c1MJ-By3dQ8FYLkiQv00v73yo5jd__6aZuC7LuIko.rSLnAbFybiXbmL7P2d8ZJPdNizvBf_jDX7IC17IBAwQ&dib_tag=se&qid=1740507060&refinements=p_36%3A1500000-&s=electronics&sr=1-20
Apple iPhone 16 Pro 256,Electronics,"75,000.00",Apple,https://www.amazon.eg/-/en/Apple-iPhone-16-Pro-256/dp/B0DGHYJ53L/ref=sr_1_21?_encoding=UTF8&dib=eyJ2IjoiMSJ9.caTnm52XpFoyZtkRU5VROKbqUuFpGXiCoHZi3NhagPqUrzgaBllw562xA-2breyLGHghLoup-iT6T_2RTyzz_TAwEENtG-x00W6r7C9_98Nqa_lQPxZAJB1JjJ3PmEMYanouXRwRukYoCJAFkn6JgCTPM5MZlxbrfhNg4Z7UJw3CKEvvkeOgv6Q1mdc36p8giVJ3_AGJ2t-8MsFwaeKAwiOUt3zLOyKWygbTk6inmkBF8LC8venN9pJnT13QyynDa9c1MJ-By3dQ8FYLkiQv00v73yo5jd__6aZuC7LuIko.rSLnAbFybiXbmL7P2d8ZJPdNizvBf_jDX7IC17IBAwQ&dib_tag=se&qid=1740507060&refinements=p_36%3A1500000-&s=electronics&sr=1-21
Apple iPhone 16 128 GB,Electronics,N/A,Apple,https://www.amazon.eg/-/en/Apple-iPhone-16-128-GB/dp/B0DGHW3KKX/ref=sr_1_22?_encoding=UTF8&dib=eyJ2IjoiMSJ9.caTnm52XpFoyZtkRU5VROKbqUuFpGXiCoHZi3NhagPqUrzgaBllw562xA-2breyLGHghLoup-iT6T_2RTyzz_TAwEENtG-x00W6r7C9_98Nqa_lQPxZAJB1JjJ3PmEMYanouXRwRukYoCJAFkn6JgCTPM5MZlxbrfhNg4Z7UJw3CKEvvkeOgv6Q1mdc36p8giVJ3_AGJ2t-8MsFwaeKAwiOUt3zLOyKWygbTk6inmkBF8LC8venN9pJnT13QyynDa9c1MJ-By3dQ8FYLkiQv00v73yo5jd__6aZuC7LuIko.rSLnAbFybiXbmL7P2d8ZJPdNizvBf_jDX7IC17IBAwQ&dib_tag=se&qid=1740507060&refinements=p_36%3A1500000-&s=electronics&sr=1-22
OPPO Reno 12GB 256GB Storage,Electronics,"15,850.00",OPPO,https://www.amazon.eg/-/en/OPPO-Reno-12GB-256GB-Storage/dp/B0D9KRFFV1/ref=sr_1_23?_encoding=UTF8&dib=eyJ2IjoiMSJ9.caTnm52XpFoyZtkRU5VROKbqUuFpGXiCoHZi3NhagPqUrzgaBllw562xA-2breyLGHghLoup-iT6T_2RTyzz_TAwEENtG-x00W6r7C9_98Nqa_lQPxZAJB1JjJ3PmEMYanouXRwRukYoCJAFkn6JgCTPM5MZlxbrfhNg4Z7UJw3CKEvvkeOgv6Q1mdc36p8giVJ3_AGJ2t-8MsFwaeKAwiOUt3zLOyKWygbTk6inmkBF8LC8venN9pJnT13QyynDa9c1MJ-By3dQ8FYLkiQv00v73yo5jd__6aZuC7LuIko.rSLnAbFybiXbmL7P2d8ZJPdNizvBf_jDX7IC17IBAwQ&dib_tag=se&qid=1740507060&refinements=p_36%3A1500000-&s=electronics&sr=1-23
Oppo Reno Phone 256Gb Capacity,Electronics,"26,888.00",Oppo,https://www.amazon.eg/-/en/Oppo-Reno-Phone-256Gb-Capacity/dp/B0DWXW3W7F/ref=sr_1_24?_encoding=UTF8&dib=eyJ2IjoiMSJ9.caTnm52XpFoyZtkRU5VROKbqUuFpGXiCoHZi3NhagPqUrzgaBllw562xA-2breyLGHghLoup-iT6T_2RTyzz_TAwEENtG-x00W6r7C9_98Nqa_lQPxZAJB1JjJ3PmEMYanouXRwRukYoCJAFkn6JgCTPM5MZlxbrfhNg4Z7UJw3CKEvvkeOgv6Q1mdc36p8giVJ3_AGJ2t-8MsFwaeKAwiOUt3zLOyKWygbTk6inmkBF8LC8venN9pJnT13QyynDa9c1MJ-By3dQ8FYLkiQv00v73yo5jd__6aZuC7LuIko.rSLnAbFybiXbmL7P2d8ZJPdNizvBf_jDX7IC17IBAwQ&dib_tag=se&qid=1740507060&refinements=p_36%3A1500000-&s=electronics&sr=1-24
Xiaomi Redmi Lavender Purple Storage,Electronics,N/A,Xiaomi,https://www.amazon.eg/-/en/Xiaomi-Redmi-Lavender-Purple-Storage/dp/B0CQJXXLQG/ref=sr_1_25?_encoding=UTF8&dib=eyJ2IjoiMSJ9.caTnm52XpFoyZtkRU5VROKbqUuFpGXiCoHZi3NhagPqUrzgaBllw562xA-2breyLGHghLoup-iT6T_2RTyzz_TAwEENtG-x00W6r7C9_98Nqa_lQPxZAJB1JjJ3PmEMYanouXRwRukYoCJAFkn6JgCTPM5MZlxbrfhNg4Z7UJw3CKEvvkeOgv6Q1mdc36p8giVJ3_AGJ2t-8MsFwaeKAwiOUt3zLOyKWygbTk6inmkBF8LC8venN9pJnT13QyynDa9c1MJ-By3dQ8FYLkiQv00v73yo5jd__6aZuC7LuIko.rSLnAbFybiXbmL7P2d8ZJPdNizvBf_jDX7IC17IBAwQ&dib_tag=se&qid=1740507060&refinements=p_36%3A1500000-&s=electronics&sr=1-25
Apple iPhone 16 128 Ultramarine,Electronics,"51,888.00",Apple,https://www.amazon.eg/-/en/Apple-iPhone-16-128-Ultramarine/dp/B0DGHW2T7T/ref=sr_1_26?_encoding=UTF8&dib=eyJ2IjoiMSJ9.caTnm52XpFoyZtkRU5VROKbqUuFpGXiCoHZi3NhagPqUrzgaBllw562xA-2breyLGHghLoup-iT6T_2RTyzz_TAwEENtG-x00W6r7C9_98Nqa_lQPxZAJB1JjJ3PmEMYanouXRwRukYoCJAFkn6JgCTPM5MZlxbrfhNg4Z7UJw3CKEvvkeOgv6Q1mdc36p8giVJ3_AGJ2t-8MsFwaeKAwiOUt3zLOyKWygbTk6inmkBF8LC8venN9pJnT13QyynDa9c1MJ-By3dQ8FYLkiQv00v73yo5jd__6aZuC7LuIko.rSLnAbFybiXbmL7P2d8ZJPdNizvBf_jDX7IC17IBAwQ&dib_tag=se&qid=1740507060&refinements=p_36%3A1500000-&s=electronics&sr=1-26
Apple iPhone Pro Max 256,Electronics,"79,000.00",Apple,https://www.amazon.eg/-/en/Apple-iPhone-Pro-Max-256/dp/B0DGJKQ3KW/ref=sr_1_27?_encoding=UTF8&dib=eyJ2IjoiMSJ9.caTnm52XpFoyZtkRU5VROKbqUuFpGXiCoHZi3NhagPqUrzgaBllw562xA-2breyLGHghLoup-iT6T_2RTyzz_TAwEENtG-x00W6r7C9_98Nqa_lQPxZAJB1JjJ3PmEMYanouXRwRukYoCJAFkn6JgCTPM5MZlxbrfhNg4Z7UJw3CKEvvkeOgv6Q1mdc36p8giVJ3_AGJ2t-8MsFwaeKAwiOUt3zLOyKWygbTk6inmkBF8LC8venN9pJnT13QyynDa9c1MJ-By3dQ8FYLkiQv00v73yo5jd__6aZuC7LuIko.rSLnAbFybiXbmL7P2d8ZJPdNizvBf_jDX7IC17IBAwQ&dib_tag=se&qid=1740507060&refinements=p_36%3A1500000-&s=electronics&sr=1-27
realme Pioneer Green 256GB Storage,Electronics,"15,950.00",realme,https://www.amazon.eg/-/en/realme-Pioneer-Green-256GB-Storage/dp/B0CWRXTLFT/ref=sr_1_28?_encoding=UTF8&dib=eyJ2IjoiMSJ9.caTnm52XpFoyZtkRU5VROKbqUuFpGXiCoHZi3NhagPqUrzgaBllw562xA-2breyLGHghLoup-iT6T_2RTyzz_TAwEENtG-x00W6r7C9_98Nqa_lQPxZAJB1JjJ3PmEMYanouXRwRukYoCJAFkn6JgCTPM5MZlxbrfhNg4Z7UJw3CKEvvkeOgv6Q1mdc36p8giVJ3_AGJ2t-8MsFwaeKAwiOUt3zLOyKWygbTk6inmkBF8LC8venN9pJnT13QyynDa9c1MJ-By3dQ8FYLkiQv00v73yo5jd__6aZuC7LuIko.rSLnAbFybiXbmL7P2d8ZJPdNizvBf_jDX7IC17IBAwQ&dib_tag=se&qid=1740507060&refinements=p_36%3A1500000-&s=electronics&sr=1-28
New Apple iPhone 13 128,Electronics,"36,950.00",New,https://www.amazon.eg/-/en/New-Apple-iPhone-13-128/dp/B09V4D3ZTX/ref=sr_1_29?_encoding=UTF8&dib=eyJ2IjoiMSJ9.caTnm52XpFoyZtkRU5VROKbqUuFpGXiCoHZi3NhagPqUrzgaBllw562xA-2breyLGHghLoup-iT6T_2RTyzz_TAwEENtG-x00W6r7C9_98Nqa_lQPxZAJB1JjJ3PmEMYanouXRwRukYoCJAFkn6JgCTPM5MZlxbrfhNg4Z7UJw3CKEvvkeOgv6Q1mdc36p8giVJ3_AGJ2t-8MsFwaeKAwiOUt3zLOyKWygbTk6inmkBF8LC8venN9pJnT13QyynDa9c1MJ-By3dQ8FYLkiQv00v73yo5jd__6aZuC7LuIko.rSLnAbFybiXbmL7P2d8ZJPdNizvBf_jDX7IC17IBAwQ&dib_tag=se&qid=1740507060&refinements=p_36%3A1500000-&s=electronics&sr=1-29
Apple iPhone 15 128 GB,Electronics,N/A,Apple,https://www.amazon.eg/-/en/Apple-iPhone-15-128-GB/dp/B0CHX5QVX1/ref=sr_1_30?_encoding=UTF8&dib=eyJ2IjoiMSJ9.caTnm52XpFoyZtkRU5VROKbqUuFpGXiCoHZi3NhagPqUrzgaBllw562xA-2breyLGHghLoup-iT6T_2RTyzz_TAwEENtG-x00W6r7C9_98Nqa_lQPxZAJB1JjJ3PmEMYanouXRwRukYoCJAFkn6JgCTPM5MZlxbrfhNg4Z7UJw3CKEvvkeOgv6Q1mdc36p8giVJ3_AGJ2t-8MsFwaeKAwiOUt3zLOyKWygbTk6inmkBF8LC8venN9pJnT13QyynDa9c1MJ-By3dQ8FYLkiQv00v73yo5jd__6aZuC7LuIko.rSLnAbFybiXbmL7P2d8ZJPdNizvBf_jDX7IC17IBAwQ&dib_tag=se&qid=1740507060&refinements=p_36%3A1500000-&s=electronics&sr=1-30
N/A,Electronics,"18,999.00",1,https://www.amazon.eg/-/en/sspa/click?ie=UTF8&spc=MTo2MjY4ODM3ODk2MzM5OTgzOjE3NDA1MDcxODM6c3BfYXRmX2Jyb3dzZTozMDA0NzAwMDU2MzEwMzI6OjA6Og&url=%2FSamsung-Android-Smartphone-Storage-Warranty%2Fdp%2FB0DNMLZBW9%2Fref%3Dsr_1_49_sspa%3F_encoding%3DUTF8%26dib%3DeyJ2IjoiMSJ9.NhmXi-R1dFfYFC-9Hu09QDdLmtUhCvCOCKJ3FlmDxV_t7UDWfNvOxi6IUEQCJiQpshCyleWcn5NFxPI0KfYBZyhW3LB_ogIaJmVRgx8fugCIQFJ2A3iDJoChD1d8wm55AhQGuSh2q256NJhYcKdnc2We3kg_So2HAE9QCJMQ_9UHLAd1a6j6X1Gb2cv29AHFXmnxOYRnwC7Vji3s9b0FBTn4-B34WTI2gcLd48xZprvvdWXnYFsE8tzNhj817BAcvjsUOvsRKYOm31-uSbPeIjzo7T-sCFJzWChjxo9dj9k.JeuEq56szUcyuO6BLIPABq7r5isdtAL0CTSAjHz-rDM%26dib_tag%3Dse%26qid%3D1740507183%26refinements%3Dp_36%253A1500000-%26s%3Delectronics%26sr%3D1-49-spons%26xpid%3DP0W7qaPVr4q50%26sp_csd%3Dd2lkZ2V0TmFtZT1zcF9hdGZfYnJvd3Nl%26psc%3D1
N/A,Electronics,"17,100.00",List:,https://www.amazon.eg/-/en/sspa/click?ie=UTF8&spc=MTo2MjY4ODM3ODk2MzM5OTgzOjE3NDA1MDcxODM6c3BfYXRmX2Jyb3dzZTozMDA0ODQxNDkyMzU1MzI6OjA6Og&url=%2FSamsung-Android-Smartphone-Adaptive-Charging%2Fdp%2FB0DW49J68B%2Fref%3Dsr_1_50_sspa%3F_encoding%3DUTF8%26dib%3DeyJ2IjoiMSJ9.NhmXi-R1dFfYFC-9Hu09QDdLmtUhCvCOCKJ3FlmDxV_t7UDWfNvOxi6IUEQCJiQpshCyleWcn5NFxPI0KfYBZyhW3LB_ogIaJmVRgx8fugCIQFJ2A3iDJoChD1d8wm55AhQGuSh2q256NJhYcKdnc2We3kg_So2HAE9QCJMQ_9UHLAd1a6j6X1Gb2cv29AHFXmnxOYRnwC7Vji3s9b0FBTn4-B34WTI2gcLd48xZprvvdWXnYFsE8tzNhj817BAcvjsUOvsRKYOm31-uSbPeIjzo7T-sCFJzWChjxo9dj9k.JeuEq56szUcyuO6BLIPABq7r5isdtAL0CTSAjHz-rDM%26dib_tag%3Dse%26qid%3D1740507183%26refinements%3Dp_36%253A1500000-%26s%3Delectronics%26sr%3D1-50-spons%26xpid%3DP0W7qaPVr4q50%26sp_csd%3Dd2lkZ2V0TmFtZT1zcF9hdGZfYnJvd3Nl%26psc%3D1
N/A,Electronics,"19,100.00",List:,https://www.amazon.eg/-/en/sspa/click?ie=UTF8&spc=MTo2MjY4ODM3ODk2MzM5OTgzOjE3NDA1MDcxODM6c3BfYXRmX2Jyb3dzZTozMDA0ODQxNDkyMzU3MzI6OjA6Og&url=%2FSamsung-Android-Smartphone-Adaptive-Charging%2Fdp%2FB0DW47T1H6%2Fref%3Dsr_1_51_sspa%3F_encoding%3DUTF8%26dib%3DeyJ2IjoiMSJ9.NhmXi-R1dFfYFC-9Hu09QDdLmtUhCvCOCKJ3FlmDxV_t7UDWfNvOxi6IUEQCJiQpshCyleWcn5NFxPI0KfYBZyhW3LB_ogIaJmVRgx8fugCIQFJ2A3iDJoChD1d8wm55AhQGuSh2q256NJhYcKdnc2We3kg_So2HAE9QCJMQ_9UHLAd1a6j6X1Gb2cv29AHFXmnxOYRnwC7Vji3s9b0FBTn4-B34WTI2gcLd48xZprvvdWXnYFsE8tzNhj817BAcvjsUOvsRKYOm31-uSbPeIjzo7T-sCFJzWChjxo9dj9k.JeuEq56szUcyuO6BLIPABq7r5isdtAL0CTSAjHz-rDM%26dib_tag%3Dse%26qid%3D1740507183%26refinements%3Dp_36%253A1500000-%26s%3Delectronics%26sr%3D1-51-spons%26xpid%3DP0W7qaPVr4q50%26sp_csd%3Dd2lkZ2V0TmFtZT1zcF9hdGZfYnJvd3Nl%26psc%3D1
Apple iPhone FaceTime SIM International,Electronics,N/A,Apple,https://www.amazon.eg/-/en/Apple-iPhone-FaceTime-SIM-International/dp/B09G99QJSK/ref=sr_1_52?_encoding=UTF8&dib=eyJ2IjoiMSJ9.NhmXi-R1dFfYFC-9Hu09QDdLmtUhCvCOCKJ3FlmDxV_t7UDWfNvOxi6IUEQCJiQpshCyleWcn5NFxPI0KfYBZyhW3LB_ogIaJmVRgx8fugCIQFJ2A3iDJoChD1d8wm55AhQGuSh2q256NJhYcKdnc2We3kg_So2HAE9QCJMQ_9UHLAd1a6j6X1Gb2cv29AHFXmnxOYRnwC7Vji3s9b0FBTn4-B34WTI2gcLd48xZprvvdWXnYFsE8tzNhj817BAcvjsUOvsRKYOm31-uSbPeIjzo7T-sCFJzWChjxo9dj9k.JeuEq56szUcyuO6BLIPABq7r5isdtAL0CTSAjHz-rDM&dib_tag=se&qid=1740507183&refinements=p_36%3A1500000-&s=electronics&sr=1-52&xpid=P0W7qaPVr4q50
Xiaomi POCO Dual Yellow 512GB,Electronics,"23,769.00",Xiaomi,https://www.amazon.eg/-/en/Xiaomi-POCO-Dual-Yellow-512GB/dp/B0CPXX3B45/ref=sr_1_53?_encoding=UTF8&dib=eyJ2IjoiMSJ9.NhmXi-R1dFfYFC-9Hu09QDdLmtUhCvCOCKJ3FlmDxV_t7UDWfNvOxi6IUEQCJiQpshCyleWcn5NFxPI0KfYBZyhW3LB_ogIaJmVRgx8fugCIQFJ2A3iDJoChD1d8wm55AhQGuSh2q256NJhYcKdnc2We3kg_So2HAE9QCJMQ_9UHLAd1a6j6X1Gb2cv29AHFXmnxOYRnwC7Vji3s9b0FBTn4-B34WTI2gcLd48xZprvvdWXnYFsE8tzNhj817BAcvjsUOvsRKYOm31-uSbPeIjzo7T-sCFJzWChjxo9dj9k.JeuEq56szUcyuO6BLIPABq7r5isdtAL0CTSAjHz-rDM&dib_tag=se&qid=1740507183&refinements=p_36%3A1500000-&s=electronics&sr=1-53&xpid=P0W7qaPVr4q50
realme 256 Razor Green New,Electronics,"30,950.00",realme,https://www.amazon.eg/-/en/realme-256-Razor-Green-New/dp/B0D7NR8L5J/ref=sr_1_54?_encoding=UTF8&dib=eyJ2IjoiMSJ9.NhmXi-R1dFfYFC-9Hu09QDdLmtUhCvCOCKJ3FlmDxV_t7UDWfNvOxi6IUEQCJiQpshCyleWcn5NFxPI0KfYBZyhW3LB_ogIaJmVRgx8fugCIQFJ2A3iDJoChD1d8wm55AhQGuSh2q256NJhYcKdnc2We3kg_So2HAE9QCJMQ_9UHLAd1a6j6X1Gb2cv29AHFXmnxOYRnwC7Vji3s9b0FBTn4-B34WTI2gcLd48xZprvvdWXnYFsE8tzNhj817BAcvjsUOvsRKYOm31-uSbPeIjzo7T-sCFJzWChjxo9dj9k.JeuEq56szUcyuO6BLIPABq7r5isdtAL0CTSAjHz-rDM&dib_tag=se&qid=1740507183&refinements=p_36%3A1500000-&s=electronics&sr=1-54&xpid=P0W7qaPVr4q50
Oneplus Dual SIM 512GB Flowy Emerald,Electronics,N/A,Oneplus,https://www.amazon.eg/-/en/Oneplus-Dual-SIM-512GB-Flowy-Emerald/dp/B0CQPP6JTH/ref=sr_1_55?_encoding=UTF8&dib=eyJ2IjoiMSJ9.NhmXi-R1dFfYFC-9Hu09QDdLmtUhCvCOCKJ3FlmDxV_t7UDWfNvOxi6IUEQCJiQpshCyleWcn5NFxPI0KfYBZyhW3LB_ogIaJmVRgx8fugCIQFJ2A3iDJoChD1d8wm55AhQGuSh2q256NJhYcKdnc2We3kg_So2HAE9QCJMQ_9UHLAd1a6j6X1Gb2cv29AHFXmnxOYRnwC7Vji3s9b0FBTn4-B34WTI2gcLd48xZprvvdWXnYFsE8tzNhj817BAcvjsUOvsRKYOm31-uSbPeIjzo7T-sCFJzWChjxo9dj9k.JeuEq56szUcyuO6BLIPABq7r5isdtAL0CTSAjHz-rDM&dib_tag=se&qid=1740507183&refinements=p_36%3A1500000-&s=electronics&sr=1-55&xpid=P0W7qaPVr4q50
MOTOROLA Snapdragon Display Android Cobalt,Electronics,"15,550.00",MOTOROLA,https://www.amazon.eg/-/en/MOTOROLA-Snapdragon-Display-Android-Cobalt/dp/B0DBW14XJL/ref=sr_1_56?_encoding=UTF8&dib=eyJ2IjoiMSJ9.NhmXi-R1dFfYFC-9Hu09QDdLmtUhCvCOCKJ3FlmDxV_t7UDWfNvOxi6IUEQCJiQpshCyleWcn5NFxPI0KfYBZyhW3LB_ogIaJmVRgx8fugCIQFJ2A3iDJoChD1d8wm55AhQGuSh2q256NJhYcKdnc2We3kg_So2HAE9QCJMQ_9UHLAd1a6j6X1Gb2cv29AHFXmnxOYRnwC7Vji3s9b0FBTn4-B34WTI2gcLd48xZprvvdWXnYFsE8tzNhj817BAcvjsUOvsRKYOm31-uSbPeIjzo7T-sCFJzWChjxo9dj9k.JeuEq56szUcyuO6BLIPABq7r5isdtAL0CTSAjHz-rDM&dib_tag=se&qid=1740507183&refinements=p_36%3A1500000-&s=electronics&sr=1-56&xpid=P0W7qaPVr4q50
Xiaomi POCO Dual Black 512GB,Electronics,N/A,Xiaomi,https://www.amazon.eg/-/en/Xiaomi-POCO-Dual-Black-512GB/dp/B0CPXYTPYG/ref=sr_1_57?_encoding=UTF8&dib=eyJ2IjoiMSJ9.NhmXi-R1dFfYFC-9Hu09QDdLmtUhCvCOCKJ3FlmDxV_t7UDWfNvOxi6IUEQCJiQpshCyleWcn5NFxPI0KfYBZyhW3LB_ogIaJmVRgx8fugCIQFJ2A3iDJoChD1d8wm55AhQGuSh2q256NJhYcKdnc2We3kg_So2HAE9QCJMQ_9UHLAd1a6j6X1Gb2cv29AHFXmnxOYRnwC7Vji3s9b0FBTn4-B34WTI2gcLd48xZprvvdWXnYFsE8tzNhj817BAcvjsUOvsRKYOm31-uSbPeIjzo7T-sCFJzWChjxo9dj9k.JeuEq56szUcyuO6BLIPABq7r5isdtAL0CTSAjHz-rDM&dib_tag=se&qid=1740507183&refinements=p_36%3A1500000-&s=electronics&sr=1-57&xpid=P0W7qaPVr4q50
Redmi Fusion purple 512GB Storage,Electronics,"25,450.00",Redmi,https://www.amazon.eg/-/en/Redmi-Fusion-purple-512GB-Storage/dp/B0CRQ8874B/ref=sr_1_58?_encoding=UTF8&dib=eyJ2IjoiMSJ9.NhmXi-R1dFfYFC-9Hu09QDdLmtUhCvCOCKJ3FlmDxV_t7UDWfNvOxi6IUEQCJiQpshCyleWcn5NFxPI0KfYBZyhW3LB_ogIaJmVRgx8fugCIQFJ2A3iDJoChD1d8wm55AhQGuSh2q256NJhYcKdnc2We3kg_So2HAE9QCJMQ_9UHLAd1a6j6X1Gb2cv29AHFXmnxOYRnwC7Vji3s9b0FBTn4-B34WTI2gcLd48xZprvvdWXnYFsE8tzNhj817BAcvjsUOvsRKYOm31-uSbPeIjzo7T-sCFJzWChjxo9dj9k.JeuEq56szUcyuO6BLIPABq7r5isdtAL0CTSAjHz-rDM&dib_tag=se&qid=1740507183&refinements=p_36%3A1500000-&s=electronics&sr=1-58&xpid=P0W7qaPVr4q50
Huawei Pura 256GB 12GB Black,Electronics,"58,850.00",Huawei,https://www.amazon.eg/-/en/Huawei-Pura-256GB-12GB-Black/dp/B081X7L2WG/ref=sr_1_59?_encoding=UTF8&dib=eyJ2IjoiMSJ9.NhmXi-R1dFfYFC-9Hu09QDdLmtUhCvCOCKJ3FlmDxV_t7UDWfNvOxi6IUEQCJiQpshCyleWcn5NFxPI0KfYBZyhW3LB_ogIaJmVRgx8fugCIQFJ2A3iDJoChD1d8wm55AhQGuSh2q256NJhYcKdnc2We3kg_So2HAE9QCJMQ_9UHLAd1a6j6X1Gb2cv29AHFXmnxOYRnwC7Vji3s9b0FBTn4-B34WTI2gcLd48xZprvvdWXnYFsE8tzNhj817BAcvjsUOvsRKYOm31-uSbPeIjzo7T-sCFJzWChjxo9dj9k.JeuEq56szUcyuO6BLIPABq7r5isdtAL0CTSAjHz-rDM&dib_tag=se&qid=1740507183&refinements=p_36%3A1500000-&s=electronics&sr=1-59&xpid=P0W7qaPVr4q50
Google Pixel 128GB Stormy Black,Electronics,"27,000.00",Google,https://www.amazon.eg/-/en/Google-Pixel-128GB-Stormy-Black/dp/B09HTTTLJ2/ref=sr_1_60?_encoding=UTF8&dib=eyJ2IjoiMSJ9.NhmXi-R1dFfYFC-9Hu09QDdLmtUhCvCOCKJ3FlmDxV_t7UDWfNvOxi6IUEQCJiQpshCyleWcn5NFxPI0KfYBZyhW3LB_ogIaJmVRgx8fugCIQFJ2A3iDJoChD1d8wm55AhQGuSh2q256NJhYcKdnc2We3kg_So2HAE9QCJMQ_9UHLAd1a6j6X1Gb2cv29AHFXmnxOYRnwC7Vji3s9b0FBTn4-B34WTI2gcLd48xZprvvdWXnYFsE8tzNhj817BAcvjsUOvsRKYOm31-uSbPeIjzo7T-sCFJzWChjxo9dj9k.JeuEq56szUcyuO6BLIPABq7r5isdtAL0CTSAjHz-rDM&dib_tag=se&qid=1740507183&refinements=p_36%3A1500000-&s=electronics&sr=1-60&xpid=P0W7qaPVr4q50
Apple iPhone 15 128 GB,Electronics,N/A,Apple,https://www.amazon.eg/-/en/Apple-iPhone-15-128-GB/dp/B0CHXLF6TL/ref=sr_1_61?_encoding=UTF8&dib=eyJ2IjoiMSJ9.NhmXi-R1dFfYFC-9Hu09QDdLmtUhCvCOCKJ3FlmDxV_t7UDWfNvOxi6IUEQCJiQpshCyleWcn5NFxPI0KfYBZyhW3LB_ogIaJmVRgx8fugCIQFJ2A3iDJoChD1d8wm55AhQGuSh2q256NJhYcKdnc2We3kg_So2HAE9QCJMQ_9UHLAd1a6j6X1Gb2cv29AHFXmnxOYRnwC7Vji3s9b0FBTn4-B34WTI2gcLd48xZprvvdWXnYFsE8tzNhj817BAcvjsUOvsRKYOm31-uSbPeIjzo7T-sCFJzWChjxo9dj9k.JeuEq56szUcyuO6BLIPABq7r5isdtAL0CTSAjHz-rDM&dib_tag=se&qid=1740507183&refinements=p_36%3A1500000-&s=electronics&sr=1-61&xpid=P0W7qaPVr4q50
Xiaomi Redmi Note11 6GB 128GB,Electronics,"15,999.00",Xiaomi,https://www.amazon.eg/-/en/Xiaomi-Redmi-Note11-6GB-128GB/dp/B09QSB4N2C/ref=sr_1_62?_encoding=UTF8&dib=eyJ2IjoiMSJ9.NhmXi-R1dFfYFC-9Hu09QDdLmtUhCvCOCKJ3FlmDxV_t7UDWfNvOxi6IUEQCJiQpshCyleWcn5NFxPI0KfYBZyhW3LB_ogIaJmVRgx8fugCIQFJ2A3iDJoChD1d8wm55AhQGuSh2q256NJhYcKdnc2We3kg_So2HAE9QCJMQ_9UHLAd1a6j6X1Gb2cv29AHFXmnxOYRnwC7Vji3s9b0FBTn4-B34WTI2gcLd48xZprvvdWXnYFsE8tzNhj817BAcvjsUOvsRKYOm31-uSbPeIjzo7T-sCFJzWChjxo9dj9k.JeuEq56szUcyuO6BLIPABq7r5isdtAL0CTSAjHz-rDM&dib_tag=se&qid=1740507183&refinements=p_36%3A1500000-&s=electronics&sr=1-62&xpid=P0W7qaPVr4q50
CUBOT Smartphone Expandable Processor Waterproof,Electronics,"26,811.00",CUBOT,https://www.amazon.eg/-/en/CUBOT-Smartphone-Expandable-Processor-Waterproof/dp/B0CJF61F8R/ref=sr_1_63?_encoding=UTF8&dib=eyJ2IjoiMSJ9.NhmXi-R1dFfYFC-9Hu09QDdLmtUhCvCOCKJ3FlmDxV_t7UDWfNvOxi6IUEQCJiQpshCyleWcn5NFxPI0KfYBZyhW3LB_ogIaJmVRgx8fugCIQFJ2A3iDJoChD1d8wm55AhQGuSh2q256NJhYcKdnc2We3kg_So2HAE9QCJMQ_9UHLAd1a6j6X1Gb2cv29AHFXmnxOYRnwC7Vji3s9b0FBTn4-B34WTI2gcLd48xZprvvdWXnYFsE8tzNhj817BAcvjsUOvsRKYOm31-uSbPeIjzo7T-sCFJzWChjxo9dj9k.JeuEq56szUcyuO6BLIPABq7r5isdtAL0CTSAjHz-rDM&dib_tag=se&qid=1740507183&refinements=p_36%3A1500000-&s=electronics&sr=1-63&xpid=P0W7qaPVr4q50
N/A,Electronics,"35,999.00","1,926",https://www.amazon.eg/-/en/sspa/click?ie=UTF8&spc=MTo2MjY4ODM3ODk2MzM5OTgzOjE3NDA1MDcxODM6c3BfbXRmX2Jyb3dzZTozMDA0NjU0MTkzMDQ3MzI6OjA6Og&url=%2FSamsung-Android-Smartphone-Storage-Warranty%2Fdp%2FB0DHKG7Q7K%2Fref%3Dsr_1_64_sspa%3F_encoding%3DUTF8%26dib%3DeyJ2IjoiMSJ9.NhmXi-R1dFfYFC-9Hu09QDdLmtUhCvCOCKJ3FlmDxV_t7UDWfNvOxi6IUEQCJiQpshCyleWcn5NFxPI0KfYBZyhW3LB_ogIaJmVRgx8fugCIQFJ2A3iDJoChD1d8wm55AhQGuSh2q256NJhYcKdnc2We3kg_So2HAE9QCJMQ_9UHLAd1a6j6X1Gb2cv29AHFXmnxOYRnwC7Vji3s9b0FBTn4-B34WTI2gcLd48xZprvvdWXnYFsE8tzNhj817BAcvjsUOvsRKYOm31-uSbPeIjzo7T-sCFJzWChjxo9dj9k.JeuEq56szUcyuO6BLIPABq7r5isdtAL0CTSAjHz-rDM%26dib_tag%3Dse%26qid%3D1740507183%26refinements%3Dp_36%253A1500000-%26s%3Delectronics%26sr%3D1-64-spons%26xpid%3DP0W7qaPVr4q50%26sp_csd%3Dd2lkZ2V0TmFtZT1zcF9tdGZfYnJvd3Nl%26psc%3D1
N/A,Electronics,"35,999.00",12,https://www.amazon.eg/-/en/sspa/click?ie=UTF8&spc=MTo2MjY4ODM3ODk2MzM5OTgzOjE3NDA1MDcxODM6c3BfbXRmX2Jyb3dzZTozMDA0NjU0MTkzMDQ5MzI6OjA6Og&url=%2FSamsung-Android-Smartphone-Storage-Graphite%2Fdp%2FB0DHKN3HV4%2Fref%3Dsr_1_65_sspa%3F_encoding%3DUTF8%26dib%3DeyJ2IjoiMSJ9.NhmXi-R1dFfYFC-9Hu09QDdLmtUhCvCOCKJ3FlmDxV_t7UDWfNvOxi6IUEQCJiQpshCyleWcn5NFxPI0KfYBZyhW3LB_ogIaJmVRgx8fugCIQFJ2A3iDJoChD1d8wm55AhQGuSh2q256NJhYcKdnc2We3kg_So2HAE9QCJMQ_9UHLAd1a6j6X1Gb2cv29AHFXmnxOYRnwC7Vji3s9b0FBTn4-B34WTI2gcLd48xZprvvdWXnYFsE8tzNhj817BAcvjsUOvsRKYOm31-uSbPeIjzo7T-sCFJzWChjxo9dj9k.JeuEq56szUcyuO6BLIPABq7r5isdtAL0CTSAjHz-rDM%26dib_tag%3Dse%26qid%3D1740507183%26refinements%3Dp_36%253A1500000-%26s%3Delectronics%26sr%3D1-65-spons%26xpid%3DP0W7qaPVr4q50%26sp_csd%3Dd2lkZ2V0TmFtZT1zcF9tdGZfYnJvd3Nl%26psc%3D1
N/A,Electronics,"43,049.00",List:,https://www.amazon.eg/-/en/sspa/click?ie=UTF8&spc=MTo2MjY4ODM3ODk2MzM5OTgzOjE3NDA1MDcxODM6c3BfbXRmX2Jyb3dzZTozMDA0ODQxMzczOTI5MzI6OjA6Og&url=%2FSamsung-Android-Smartphone-Wireless-Bluetooth%2Fdp%2FB0DNZFY18Z%2Fref%3Dsr_1_66_sspa%3F_encoding%3DUTF8%26dib%3DeyJ2IjoiMSJ9.NhmXi-R1dFfYFC-9Hu09QDdLmtUhCvCOCKJ3FlmDxV_t7UDWfNvOxi6IUEQCJiQpshCyleWcn5NFxPI0KfYBZyhW3LB_ogIaJmVRgx8fugCIQFJ2A3iDJoChD1d8wm55AhQGuSh2q256NJhYcKdnc2We3kg_So2HAE9QCJMQ_9UHLAd1a6j6X1Gb2cv29AHFXmnxOYRnwC7Vji3s9b0FBTn4-B34WTI2gcLd48xZprvvdWXnYFsE8tzNhj817BAcvjsUOvsRKYOm31-uSbPeIjzo7T-sCFJzWChjxo9dj9k.JeuEq56szUcyuO6BLIPABq7r5isdtAL0CTSAjHz-rDM%26dib_tag%3Dse%26qid%3D1740507183%26refinements%3Dp_36%253A1500000-%26s%3Delectronics%26sr%3D1-66-spons%26xpid%3DP0W7qaPVr4q50%26sp_csd%3Dd2lkZ2V0TmFtZT1zcF9tdGZfYnJvd3Nl%26psc%3D1
Apple iPhone 13 128GB Starlight,Electronics,N/A,Apple,https://www.amazon.eg/-/en/Apple-iPhone-13-128GB-Starlight/dp/B09G9BJD28/ref=sr_1_67?_encoding=UTF8&dib=eyJ2IjoiMSJ9.NhmXi-R1dFfYFC-9Hu09QDdLmtUhCvCOCKJ3FlmDxV_t7UDWfNvOxi6IUEQCJiQpshCyleWcn5NFxPI0KfYBZyhW3LB_ogIaJmVRgx8fugCIQFJ2A3iDJoChD1d8wm55AhQGuSh2q256NJhYcKdnc2We3kg_So2HAE9QCJMQ_9UHLAd1a6j6X1Gb2cv29AHFXmnxOYRnwC7Vji3s9b0FBTn4-B34WTI2gcLd48xZprvvdWXnYFsE8tzNhj817BAcvjsUOvsRKYOm31-uSbPeIjzo7T-sCFJzWChjxo9dj9k.JeuEq56szUcyuO6BLIPABq7r5isdtAL0CTSAjHz-rDM&dib_tag=se&qid=1740507183&refinements=p_36%3A1500000-&s=electronics&sr=1-67&xpid=P0W7qaPVr4q50
Apple iPhone Pro Max 256,Electronics,N/A,Apple,https://www.amazon.eg/-/en/Apple-iPhone-Pro-Max-256/dp/B0DGJFQVMS/ref=sr_1_68?_encoding=UTF8&dib=eyJ2IjoiMSJ9.NhmXi-R1dFfYFC-9Hu09QDdLmtUhCvCOCKJ3FlmDxV_t7UDWfNvOxi6IUEQCJiQpshCyleWcn5NFxPI0KfYBZyhW3LB_ogIaJmVRgx8fugCIQFJ2A3iDJoChD1d8wm55AhQGuSh2q256NJhYcKdnc2We3kg_So2HAE9QCJMQ_9UHLAd1a6j6X1Gb2cv29AHFXmnxOYRnwC7Vji3s9b0FBTn4-B34WTI2gcLd48xZprvvdWXnYFsE8tzNhj817BAcvjsUOvsRKYOm31-uSbPeIjzo7T-sCFJzWChjxo9dj9k.JeuEq56szUcyuO6BLIPABq7r5isdtAL0CTSAjHz-rDM&dib_tag=se&qid=1740507183&refinements=p_36%3A1500000-&s=electronics&sr=1-68&xpid=P0W7qaPVr4q50
realme Pro Dual 12GB 512GB,Electronics,N/A,realme,https://www.amazon.eg/-/en/realme-Pro-Dual-12GB-512GB/dp/B0CTZW6XGC/ref=sr_1_69?_encoding=UTF8&dib=eyJ2IjoiMSJ9.NhmXi-R1dFfYFC-9Hu09QDdLmtUhCvCOCKJ3FlmDxV_t7UDWfNvOxi6IUEQCJiQpshCyleWcn5NFxPI0KfYBZyhW3LB_ogIaJmVRgx8fugCIQFJ2A3iDJoChD1d8wm55AhQGuSh2q256NJhYcKdnc2We3kg_So2HAE9QCJMQ_9UHLAd1a6j6X1Gb2cv29AHFXmnxOYRnwC7Vji3s9b0FBTn4-B34WTI2gcLd48xZprvvdWXnYFsE8tzNhj817BAcvjsUOvsRKYOm31-uSbPeIjzo7T-sCFJzWChjxo9dj9k.JeuEq56szUcyuO6BLIPABq7r5isdtAL0CTSAjHz-rDM&dib_tag=se&qid=1740507183&refinements=p_36%3A1500000-&s=electronics&sr=1-69&xpid=P0W7qaPVr4q50
Samsung Galaxy Fold6 AI Phone,Electronics,"85,950.00",Samsung,https://www.amazon.eg/-/en/Samsung-Galaxy-Fold6-AI-Phone/dp/B0D8L86L9H/ref=sr_1_70?_encoding=UTF8&dib=eyJ2IjoiMSJ9.NhmXi-R1dFfYFC-9Hu09QDdLmtUhCvCOCKJ3FlmDxV_t7UDWfNvOxi6IUEQCJiQpshCyleWcn5NFxPI0KfYBZyhW3LB_ogIaJmVRgx8fugCIQFJ2A3iDJoChD1d8wm55AhQGuSh2q256NJhYcKdnc2We3kg_So2HAE9QCJMQ_9UHLAd1a6j6X1Gb2cv29AHFXmnxOYRnwC7Vji3s9b0FBTn4-B34WTI2gcLd48xZprvvdWXnYFsE8tzNhj817BAcvjsUOvsRKYOm31-uSbPeIjzo7T-sCFJzWChjxo9dj9k.JeuEq56szUcyuO6BLIPABq7r5isdtAL0CTSAjHz-rDM&dib_tag=se&qid=1740507183&refinements=p_36%3A1500000-&s=electronics&sr=1-70&xpid=P0W7qaPVr4q50
Motorola Vanilla Storage External Display,Electronics,"38,500.00",Motorola,https://www.amazon.eg/-/en/Motorola-Vanilla-Storage-External-Display/dp/B0C7QD7TD2/ref=sr_1_71?_encoding=UTF8&dib=eyJ2IjoiMSJ9.NhmXi-R1dFfYFC-9Hu09QDdLmtUhCvCOCKJ3FlmDxV_t7UDWfNvOxi6IUEQCJiQpshCyleWcn5NFxPI0KfYBZyhW3LB_ogIaJmVRgx8fugCIQFJ2A3iDJoChD1d8wm55AhQGuSh2q256NJhYcKdnc2We3kg_So2HAE9QCJMQ_9UHLAd1a6j6X1Gb2cv29AHFXmnxOYRnwC7Vji3s9b0FBTn4-B34WTI2gcLd48xZprvvdWXnYFsE8tzNhj817BAcvjsUOvsRKYOm31-uSbPeIjzo7T-sCFJzWChjxo9dj9k.JeuEq56szUcyuO6BLIPABq7r5isdtAL0CTSAjHz-rDM&dib_tag=se&qid=1740507183&refinements=p_36%3A1500000-&s=electronics&sr=1-71&xpid=P0W7qaPVr4q50
Google Pixel Single 128GB Version,Electronics,"25,000.00",Google,https://www.amazon.eg/-/en/Google-Pixel-Single-128GB-Version/dp/B0BCQVRH38/ref=sr_1_72?_encoding=UTF8&dib=eyJ2IjoiMSJ9.NhmXi-R1dFfYFC-9Hu09QDdLmtUhCvCOCKJ3FlmDxV_t7UDWfNvOxi6IUEQCJiQpshCyleWcn5NFxPI0KfYBZyhW3LB_ogIaJmVRgx8fugCIQFJ2A3iDJoChD1d8wm55AhQGuSh2q256NJhYcKdnc2We3kg_So2HAE9QCJMQ_9UHLAd1a6j6X1Gb2cv29AHFXmnxOYRnwC7Vji3s9b0FBTn4-B34WTI2gcLd48xZprvvdWXnYFsE8tzNhj817BAcvjsUOvsRKYOm31-uSbPeIjzo7T-sCFJzWChjxo9dj9k.JeuEq56szUcyuO6BLIPABq7r5isdtAL0CTSAjHz-rDM&dib_tag=se&qid=1740507183&refinements=p_36%3A1500000-&s=electronics&sr=1-72&xpid=P0W7qaPVr4q50
HONOR 256GB Inches Emerald Green,Electronics,"17,750.00",HONOR,https://www.amazon.eg/-/en/HONOR-256GB-Inches-Emerald-Green/dp/B0CVVY2BCJ/ref=sr_1_73?_encoding=UTF8&dib=eyJ2IjoiMSJ9.NhmXi-R1dFfYFC-9Hu09QDdLmtUhCvCOCKJ3FlmDxV_t7UDWfNvOxi6IUEQCJiQpshCyleWcn5NFxPI0KfYBZyhW3LB_ogIaJmVRgx8fugCIQFJ2A3iDJoChD1d8wm55AhQGuSh2q256NJhYcKdnc2We3kg_So2HAE9QCJMQ_9UHLAd1a6j6X1Gb2cv29AHFXmnxOYRnwC7Vji3s9b0FBTn4-B34WTI2gcLd48xZprvvdWXnYFsE8tzNhj817BAcvjsUOvsRKYOm31-uSbPeIjzo7T-sCFJzWChjxo9dj9k.JeuEq56szUcyuO6BLIPABq7r5isdtAL0CTSAjHz-rDM&dib_tag=se&qid=1740507183&refinements=p_36%3A1500000-&s=electronics&sr=1-73&xpid=P0W7qaPVr4q50
HONOR 256GB Midnight CHOICE Earbuds,Electronics,N/A,HONOR,https://www.amazon.eg/-/en/HONOR-256GB-Midnight-CHOICE-Earbuds/dp/B0CLD1WK8Z/ref=sr_1_74?_encoding=UTF8&dib=eyJ2IjoiMSJ9.NhmXi-R1dFfYFC-9Hu09QDdLmtUhCvCOCKJ3FlmDxV_t7UDWfNvOxi6IUEQCJiQpshCyleWcn5NFxPI0KfYBZyhW3LB_ogIaJmVRgx8fugCIQFJ2A3iDJoChD1d8wm55AhQGuSh2q256NJhYcKdnc2We3kg_So2HAE9QCJMQ_9UHLAd1a6j6X1Gb2cv29AHFXmnxOYRnwC7Vji3s9b0FBTn4-B34WTI2gcLd48xZprvvdWXnYFsE8tzNhj817BAcvjsUOvsRKYOm31-uSbPeIjzo7T-sCFJzWChjxo9dj9k.JeuEq56szUcyuO6BLIPABq7r5isdtAL0CTSAjHz-rDM&dib_tag=se&qid=1740507183&refinements=p_36%3A1500000-&s=electronics&sr=1-74&xpid=P0W7qaPVr4q50
Apple iPhone 16 128GB White,Electronics,"53,450.00",Apple,https://www.amazon.eg/-/en/Apple-iPhone-16-128GB-White/dp/B0DGHZWBYB/ref=sr_1_75?_encoding=UTF8&dib=eyJ2IjoiMSJ9.NhmXi-R1dFfYFC-9Hu09QDdLmtUhCvCOCKJ3FlmDxV_t7UDWfNvOxi6IUEQCJiQpshCyleWcn5NFxPI0KfYBZyhW3LB_ogIaJmVRgx8fugCIQFJ2A3iDJoChD1d8wm55AhQGuSh2q256NJhYcKdnc2We3kg_So2HAE9QCJMQ_9UHLAd1a6j6X1Gb2cv29AHFXmnxOYRnwC7Vji3s9b0FBTn4-B34WTI2gcLd48xZprvvdWXnYFsE8tzNhj817BAcvjsUOvsRKYOm31-uSbPeIjzo7T-sCFJzWChjxo9dj9k.JeuEq56szUcyuO6BLIPABq7r5isdtAL0CTSAjHz-rDM&dib_tag=se&qid=1740507183&refinements=p_36%3A1500000-&s=electronics&sr=1-75&xpid=P0W7qaPVr4q50
HONOR X9b Dual 12GB 256GB,Electronics,N/A,HONOR,https://www.amazon.eg/-/en/HONOR-X9b-Dual-12GB-256GB/dp/B0DM68QQ8D/ref=sr_1_76?_encoding=UTF8&dib=eyJ2IjoiMSJ9.NhmXi-R1dFfYFC-9Hu09QDdLmtUhCvCOCKJ3FlmDxV_t7UDWfNvOxi6IUEQCJiQpshCyleWcn5NFxPI0KfYBZyhW3LB_ogIaJmVRgx8fugCIQFJ2A3iDJoChD1d8wm55AhQGuSh2q256NJhYcKdnc2We3kg_So2HAE9QCJMQ_9UHLAd1a6j6X1Gb2cv29AHFXmnxOYRnwC7Vji3s9b0FBTn4-B34WTI2gcLd48xZprvvdWXnYFsE8tzNhj817BAcvjsUOvsRKYOm31-uSbPeIjzo7T-sCFJzWChjxo9dj9k.JeuEq56szUcyuO6BLIPABq7r5isdtAL0CTSAjHz-rDM&dib_tag=se&qid=1740507183&refinements=p_36%3A1500000-&s=electronics&sr=1-76&xpid=P0W7qaPVr4q50
HONOR X9b Dual 12GB 256GB,Electronics,"17,750.00",HONOR,https://www.amazon.eg/-/en/HONOR-X9b-Dual-12GB-256GB/dp/B0DM6FJ8YV/ref=sr_1_77?_encoding=UTF8&dib=eyJ2IjoiMSJ9.NhmXi-R1dFfYFC-9Hu09QDdLmtUhCvCOCKJ3FlmDxV_t7UDWfNvOxi6IUEQCJiQpshCyleWcn5NFxPI0KfYBZyhW3LB_ogIaJmVRgx8fugCIQFJ2A3iDJoChD1d8wm55AhQGuSh2q256NJhYcKdnc2We3kg_So2HAE9QCJMQ_9UHLAd1a6j6X1Gb2cv29AHFXmnxOYRnwC7Vji3s9b0FBTn4-B34WTI2gcLd48xZprvvdWXnYFsE8tzNhj817BAcvjsUOvsRKYOm31-uSbPeIjzo7T-sCFJzWChjxo9dj9k.JeuEq56szUcyuO6BLIPABq7r5isdtAL0CTSAjHz-rDM&dib_tag=se&qid=1740507183&refinements=p_36%3A1500000-&s=electronics&sr=1-77&xpid=P0W7qaPVr4q50
OnePlus Cool Blue 256GB Storage,Electronics,N/A,OnePlus,https://www.amazon.eg/-/en/OnePlus-Cool-Blue-256GB-Storage/dp/B0CQYN9QDQ/ref=sr_1_78?_encoding=UTF8&dib=eyJ2IjoiMSJ9.NhmXi-R1dFfYFC-9Hu09QDdLmtUhCvCOCKJ3FlmDxV_t7UDWfNvOxi6IUEQCJiQpshCyleWcn5NFxPI0KfYBZyhW3LB_ogIaJmVRgx8fugCIQFJ2A3iDJoChD1d8wm55AhQGuSh2q256NJhYcKdnc2We3kg_So2HAE9QCJMQ_9UHLAd1a6j6X1Gb2cv29AHFXmnxOYRnwC7Vji3s9b0FBTn4-B34WTI2gcLd48xZprvvdWXnYFsE8tzNhj817BAcvjsUOvsRKYOm31-uSbPeIjzo7T-sCFJzWChjxo9dj9k.JeuEq56szUcyuO6BLIPABq7r5isdtAL0CTSAjHz-rDM&dib_tag=se&qid=1740507183&refinements=p_36%3A1500000-&s=electronics&sr=1-78&xpid=P0W7qaPVr4q50
N/A,Electronics,"41,549.00",List:,https://www.amazon.eg/-/en/sspa/click?ie=UTF8&spc=MTo2MjY4ODM3ODk2MzM5OTgzOjE3NDA1MDcxODM6c3BfYnRmX2Jyb3dzZTozMDA0ODQxMzczOTI2MzI6OjA6Og&url=%2FSamsung-Smartphone-Graphite-Wireless-Bluetooth%2Fdp%2FB0DNZGXKWL%2Fref%3Dsr_1_79_sspa%3F_encoding%3DUTF8%26dib%3DeyJ2IjoiMSJ9.NhmXi-R1dFfYFC-9Hu09QDdLmtUhCvCOCKJ3FlmDxV_t7UDWfNvOxi6IUEQCJiQpshCyleWcn5NFxPI0KfYBZyhW3LB_ogIaJmVRgx8fugCIQFJ2A3iDJoChD1d8wm55AhQGuSh2q256NJhYcKdnc2We3kg_So2HAE9QCJMQ_9UHLAd1a6j6X1Gb2cv29AHFXmnxOYRnwC7Vji3s9b0FBTn4-B34WTI2gcLd48xZprvvdWXnYFsE8tzNhj817BAcvjsUOvsRKYOm31-uSbPeIjzo7T-sCFJzWChjxo9dj9k.JeuEq56szUcyuO6BLIPABq7r5isdtAL0CTSAjHz-rDM%26dib_tag%3Dse%26qid%3D1740507183%26refinements%3Dp_36%253A1500000-%26s%3Delectronics%26sr%3D1-79-spons%26xpid%3DP0W7qaPVr4q50%26sp_csd%3Dd2lkZ2V0TmFtZT1zcF9idGZfYnJvd3Nl%26psc%3D1
N/A,Electronics,"41,549.00",List:,https://www.amazon.eg/-/en/sspa/click?ie=UTF8&spc=MTo2MjY4ODM3ODk2MzM5OTgzOjE3NDA1MDcxODM6c3BfYnRmX2Jyb3dzZTozMDA0ODQxMzczOTI3MzI6OjA6Og&url=%2FSamsung-Android-Smartphone-Wireless-Bluetooth%2Fdp%2FB0DNZJQ3P4%2Fref%3Dsr_1_80_sspa%3F_encoding%3DUTF8%26dib%3DeyJ2IjoiMSJ9.NhmXi-R1dFfYFC-9Hu09QDdLmtUhCvCOCKJ3FlmDxV_t7UDWfNvOxi6IUEQCJiQpshCyleWcn5NFxPI0KfYBZyhW3LB_ogIaJmVRgx8fugCIQFJ2A3iDJoChD1d8wm55AhQGuSh2q256NJhYcKdnc2We3kg_So2HAE9QCJMQ_9UHLAd1a6j6X1Gb2cv29AHFXmnxOYRnwC7Vji3s9b0FBTn4-B34WTI2gcLd48xZprvvdWXnYFsE8tzNhj817BAcvjsUOvsRKYOm31-uSbPeIjzo7T-sCFJzWChjxo9dj9k.JeuEq56szUcyuO6BLIPABq7r5isdtAL0CTSAjHz-rDM%26dib_tag%3Dse%26qid%3D1740507183%26refinements%3Dp_36%253A1500000-%26s%3Delectronics%26sr%3D1-80-spons%26xpid%3DP0W7qaPVr4q50%26sp_csd%3Dd2lkZ2V0TmFtZT1zcF9idGZfYnJvd3Nl%26psc%3D1
N/A,Electronics,"41,349.00",List:,https://www.amazon.eg/-/en/sspa/click?ie=UTF8&spc=MTo2MjY4ODM3ODk2MzM5OTgzOjE3NDA1MDcxODM6c3BfYnRmX2Jyb3dzZTozMDA0ODQxMzczOTI4MzI6OjA6Og&url=%2FSamsung-Android-Smartphone-Wireless-Bluetooth%2Fdp%2FB0DNZJR2HJ%2Fref%3Dsr_1_81_sspa%3F_encoding%3DUTF8%26dib%3DeyJ2IjoiMSJ9.NhmXi-R1dFfYFC-9Hu09QDdLmtUhCvCOCKJ3FlmDxV_t7UDWfNvOxi6IUEQCJiQpshCyleWcn5NFxPI0KfYBZyhW3LB_ogIaJmVRgx8fugCIQFJ2A3iDJoChD1d8wm55AhQGuSh2q256NJhYcKdnc2We3kg_So2HAE9QCJMQ_9UHLAd1a6j6X1Gb2cv29AHFXmnxOYRnwC7Vji3s9b0FBTn4-B34WTI2gcLd48xZprvvdWXnYFsE8tzNhj817BAcvjsUOvsRKYOm31-uSbPeIjzo7T-sCFJzWChjxo9dj9k.JeuEq56szUcyuO6BLIPABq7r5isdtAL0CTSAjHz-rDM%26dib_tag%3Dse%26qid%3D1740507183%26refinements%3Dp_36%253A1500000-%26s%3Delectronics%26sr%3D1-81-spons%26xpid%3DP0W7qaPVr4q50%26sp_csd%3Dd2lkZ2V0TmFtZT1zcF9idGZfYnJvd3Nl%26psc%3D1
N/A,Electronics,"16,999.00",1,https://www.amazon.eg/-/en/sspa/click?ie=UTF8&spc=MTo0MjA0Njk1ODM5ODU3ODMzOjE3NDA1MDcyOTM6c3BfYXRmX2Jyb3dzZTozMDA0NzAwMDU2MzA5MzI6OjA6Og&url=%2FSamsung-Android-Smartphone-Storage-Warranty%2Fdp%2FB0DNMMSRT2%2Fref%3Dsr_1_97_sspa%3F_encoding%3DUTF8%26dib%3DeyJ2IjoiMSJ9.NtgDZoLv-wzdKE0mxLeDBP6mEHXwyAcAtpUBxGjfCqsievFNz6XPZ-Vno-vjF7ZM0EJZGd620RNCjfeguZzKuiwpGs52OY_0k_CzdsIZ0iEK2UqpDteT5FWa6cMfAQLXDSyzbbnrdW1KKWVNfh8W4HYBHISn5UPo6rH9tP-Yufv1JYBsMf9FP9Y6jBX0rJm9oG1pV4SI8ETwys3mrVt8T9brzLjOL5qJtUam7lsSxBr3xq8E2RBiDZy_F0BbqkAZtDOsV-FodeiXVcS5CsvLEHTjDyuBW_TMknVZ7j5JhU0.mM_yZ5P6ywlMRsUajbxxihHIdKakaW4mX5Q0MgKoDVU%26dib_tag%3Dse%26qid%3D1740507293%26refinements%3Dp_36%253A1500000-%26s%3Delectronics%26sr%3D1-97-spons%26xpid%3DP0W7qaPVr4q50%26sp_csd%3Dd2lkZ2V0TmFtZT1zcF9hdGZfYnJvd3Nl%26psc%3D1
N/A,Electronics,"17,100.00",List:,https://www.amazon.eg/-/en/sspa/click?ie=UTF8&spc=MTo0MjA0Njk1ODM5ODU3ODMzOjE3NDA1MDcyOTM6c3BfYXRmX2Jyb3dzZTozMDA0ODQxNDkyMzU2MzI6OjA6Og&url=%2FSamsung-Android-Smartphone-Adaptive-Charging%2Fdp%2FB0DW481116%2Fref%3Dsr_1_98_sspa%3F_encoding%3DUTF8%26dib%3DeyJ2IjoiMSJ9.NtgDZoLv-wzdKE0mxLeDBP6mEHXwyAcAtpUBxGjfCqsievFNz6XPZ-Vno-vjF7ZM0EJZGd620RNCjfeguZzKuiwpGs52OY_0k_CzdsIZ0iEK2UqpDteT5FWa6cMfAQLXDSyzbbnrdW1KKWVNfh8W4HYBHISn5UPo6rH9tP-Yufv1JYBsMf9FP9Y6jBX0rJm9oG1pV4SI8ETwys3mrVt8T9brzLjOL5qJtUam7lsSxBr3xq8E2RBiDZy_F0BbqkAZtDOsV-FodeiXVcS5CsvLEHTjDyuBW_TMknVZ7j5JhU0.mM_yZ5P6ywlMRsUajbxxihHIdKakaW4mX5Q0MgKoDVU%26dib_tag%3Dse%26qid%3D1740507293%26refinements%3Dp_36%253A1500000-%26s%3Delectronics%26sr%3D1-98-spons%26xpid%3DP0W7qaPVr4q50%26sp_csd%3Dd2lkZ2V0TmFtZT1zcF9hdGZfYnJvd3Nl%26psc%3D1
N/A,Electronics,"19,100.00",List:,https://www.amazon.eg/-/en/sspa/click?ie=UTF8&spc=MTo0MjA0Njk1ODM5ODU3ODMzOjE3NDA1MDcyOTM6c3BfYXRmX2Jyb3dzZTozMDA0ODQxNDkyMzU3MzI6OjA6Og&url=%2FSamsung-Android-Smartphone-Adaptive-Charging%2Fdp%2FB0DW47T1H6%2Fref%3Dsr_1_99_sspa%3F_encoding%3DUTF8%26dib%3DeyJ2IjoiMSJ9.NtgDZoLv-wzdKE0mxLeDBP6mEHXwyAcAtpUBxGjfCqsievFNz6XPZ-Vno-vjF7ZM0EJZGd620RNCjfeguZzKuiwpGs52OY_0k_CzdsIZ0iEK2UqpDteT5FWa6cMfAQLXDSyzbbnrdW1KKWVNfh8W4HYBHISn5UPo6rH9tP-Yufv1JYBsMf9FP9Y6jBX0rJm9oG1pV4SI8ETwys3mrVt8T9brzLjOL5qJtUam7lsSxBr3xq8E2RBiDZy_F0BbqkAZtDOsV-FodeiXVcS5CsvLEHTjDyuBW_TMknVZ7j5JhU0.mM_yZ5P6ywlMRsUajbxxihHIdKakaW4mX5Q0MgKoDVU%26dib_tag%3Dse%26qid%3D1740507293%26refinements%3Dp_36%253A1500000-%26s%3Delectronics%26sr%3D1-99-spons%26xpid%3DP0W7qaPVr4q50%26sp_csd%3Dd2lkZ2V0TmFtZT1zcF9hdGZfYnJvd3Nl%26psc%3D1
Apple iPhone 16 Pro 256,Electronics,N/A,Apple,https://www.amazon.eg/-/en/Apple-iPhone-16-Pro-256/dp/B0DGJH7CNP/ref=sr_1_100?_encoding=UTF8&dib=eyJ2IjoiMSJ9.NtgDZoLv-wzdKE0mxLeDBP6mEHXwyAcAtpUBxGjfCqsievFNz6XPZ-Vno-vjF7ZM0EJZGd620RNCjfeguZzKuiwpGs52OY_0k_CzdsIZ0iEK2UqpDteT5FWa6cMfAQLXDSyzbbnrdW1KKWVNfh8W4HYBHISn5UPo6rH9tP-Yufv1JYBsMf9FP9Y6jBX0rJm9oG1pV4SI8ETwys3mrVt8T9brzLjOL5qJtUam7lsSxBr3xq8E2RBiDZy_F0BbqkAZtDOsV-FodeiXVcS5CsvLEHTjDyuBW_TMknVZ7j5JhU0.mM_yZ5P6ywlMRsUajbxxihHIdKakaW4mX5Q0MgKoDVU&dib_tag=se&qid=1740507293&refinements=p_36%3A1500000-&s=electronics&sr=1-100&xpid=P0W7qaPVr4q50
Samsung Galaxy Fold Phantom Black,Electronics,N/A,Samsung,https://www.amazon.eg/-/en/Samsung-Galaxy-Fold-Phantom-Black/dp/B0CDLRWZTL/ref=sr_1_101?_encoding=UTF8&dib=eyJ2IjoiMSJ9.NtgDZoLv-wzdKE0mxLeDBP6mEHXwyAcAtpUBxGjfCqsievFNz6XPZ-Vno-vjF7ZM0EJZGd620RNCjfeguZzKuiwpGs52OY_0k_CzdsIZ0iEK2UqpDteT5FWa6cMfAQLXDSyzbbnrdW1KKWVNfh8W4HYBHISn5UPo6rH9tP-Yufv1JYBsMf9FP9Y6jBX0rJm9oG1pV4SI8ETwys3mrVt8T9brzLjOL5qJtUam7lsSxBr3xq8E2RBiDZy_F0BbqkAZtDOsV-FodeiXVcS5CsvLEHTjDyuBW_TMknVZ7j5JhU0.mM_yZ5P6ywlMRsUajbxxihHIdKakaW4mX5Q0MgKoDVU&dib_tag=se&qid=1740507293&refinements=p_36%3A1500000-&s=electronics&sr=1-101&xpid=P0W7qaPVr4q50
Google Pixel Pro Smartphone Porcelain,Electronics,"74,850.00",Google,https://www.amazon.eg/-/en/Google-Pixel-Pro-Smartphone-Porcelain/dp/B0D7HVLTYV/ref=sr_1_102?_encoding=UTF8&dib=eyJ2IjoiMSJ9.NtgDZoLv-wzdKE0mxLeDBP6mEHXwyAcAtpUBxGjfCqsievFNz6XPZ-Vno-vjF7ZM0EJZGd620RNCjfeguZzKuiwpGs52OY_0k_CzdsIZ0iEK2UqpDteT5FWa6cMfAQLXDSyzbbnrdW1KKWVNfh8W4HYBHISn5UPo6rH9tP-Yufv1JYBsMf9FP9Y6jBX0rJm9oG1pV4SI8ETwys3mrVt8T9brzLjOL5qJtUam7lsSxBr3xq8E2RBiDZy_F0BbqkAZtDOsV-FodeiXVcS5CsvLEHTjDyuBW_TMknVZ7j5JhU0.mM_yZ5P6ywlMRsUajbxxihHIdKakaW4mX5Q0MgKoDVU&dib_tag=se&qid=1740507293&refinements=p_36%3A1500000-&s=electronics&sr=1-102&xpid=P0W7qaPVr4q50
RedMagic 8S Pro Smartphone Platinum,Electronics,"46,950.00",RedMagic,https://www.amazon.eg/-/en/RedMagic-8S-Pro-Smartphone-Platinum/dp/B0CB13SXBX/ref=sr_1_103?_encoding=UTF8&dib=eyJ2IjoiMSJ9.NtgDZoLv-wzdKE0mxLeDBP6mEHXwyAcAtpUBxGjfCqsievFNz6XPZ-Vno-vjF7ZM0EJZGd620RNCjfeguZzKuiwpGs52OY_0k_CzdsIZ0iEK2UqpDteT5FWa6cMfAQLXDSyzbbnrdW1KKWVNfh8W4HYBHISn5UPo6rH9tP-Yufv1JYBsMf9FP9Y6jBX0rJm9oG1pV4SI8ETwys3mrVt8T9brzLjOL5qJtUam7lsSxBr3xq8E2RBiDZy_F0BbqkAZtDOsV-FodeiXVcS5CsvLEHTjDyuBW_TMknVZ7j5JhU0.mM_yZ5P6ywlMRsUajbxxihHIdKakaW4mX5Q0MgKoDVU&dib_tag=se&qid=1740507293&refinements=p_36%3A1500000-&s=electronics&sr=1-103&xpid=P0W7qaPVr4q50
Google Pixel 128GB Obsidian Black,Electronics,"25,500.00",Google,https://www.amazon.eg/-/en/Google-Pixel-128GB-Obsidian-Black/dp/B0BCQXXRJJ/ref=sr_1_104?_encoding=UTF8&dib=eyJ2IjoiMSJ9.NtgDZoLv-wzdKE0mxLeDBP6mEHXwyAcAtpUBxGjfCqsievFNz6XPZ-Vno-vjF7ZM0EJZGd620RNCjfeguZzKuiwpGs52OY_0k_CzdsIZ0iEK2UqpDteT5FWa6cMfAQLXDSyzbbnrdW1KKWVNfh8W4HYBHISn5UPo6rH9tP-Yufv1JYBsMf9FP9Y6jBX0rJm9oG1pV4SI8ETwys3mrVt8T9brzLjOL5qJtUam7lsSxBr3xq8E2RBiDZy_F0BbqkAZtDOsV-FodeiXVcS5CsvLEHTjDyuBW_TMknVZ7j5JhU0.mM_yZ5P6ywlMRsUajbxxihHIdKakaW4mX5Q0MgKoDVU&dib_tag=se&qid=1740507293&refinements=p_36%3A1500000-&s=electronics&sr=1-104&xpid=P0W7qaPVr4q50
Samsung Folding Smartphone Extended Resolution,Electronics,"80,950.00",Samsung,https://www.amazon.eg/-/en/Samsung-Folding-Smartphone-Extended-Resolution/dp/B0CC9X8B6K/ref=sr_1_105?_encoding=UTF8&dib=eyJ2IjoiMSJ9.NtgDZoLv-wzdKE0mxLeDBP6mEHXwyAcAtpUBxGjfCqsievFNz6XPZ-Vno-vjF7ZM0EJZGd620RNCjfeguZzKuiwpGs52OY_0k_CzdsIZ0iEK2UqpDteT5FWa6cMfAQLXDSyzbbnrdW1KKWVNfh8W4HYBHISn5UPo6rH9tP-Yufv1JYBsMf9FP9Y6jBX0rJm9oG1pV4SI8ETwys3mrVt8T9brzLjOL5qJtUam7lsSxBr3xq8E2RBiDZy_F0BbqkAZtDOsV-FodeiXVcS5CsvLEHTjDyuBW_TMknVZ7j5JhU0.mM_yZ5P6ywlMRsUajbxxihHIdKakaW4mX5Q0MgKoDVU&dib_tag=se&qid=1740507293&refinements=p_36%3A1500000-&s=electronics&sr=1-105&xpid=P0W7qaPVr4q50
Google Pixel Unlocked Smartphone Advanced,Electronics,"37,950.00",Google,https://www.amazon.eg/-/en/Google-Pixel-Unlocked-Smartphone-Advanced/dp/B0CGT6RLT7/ref=sr_1_106?_encoding=UTF8&dib=eyJ2IjoiMSJ9.NtgDZoLv-wzdKE0mxLeDBP6mEHXwyAcAtpUBxGjfCqsievFNz6XPZ-Vno-vjF7ZM0EJZGd620RNCjfeguZzKuiwpGs52OY_0k_CzdsIZ0iEK2UqpDteT5FWa6cMfAQLXDSyzbbnrdW1KKWVNfh8W4HYBHISn5UPo6rH9tP-Yufv1JYBsMf9FP9Y6jBX0rJm9oG1pV4SI8ETwys3mrVt8T9brzLjOL5qJtUam7lsSxBr3xq8E2RBiDZy_F0BbqkAZtDOsV-FodeiXVcS5CsvLEHTjDyuBW_TMknVZ7j5JhU0.mM_yZ5P6ywlMRsUajbxxihHIdKakaW4mX5Q0MgKoDVU&dib_tag=se&qid=1740507293&refinements=p_36%3A1500000-&s=electronics&sr=1-106&xpid=P0W7qaPVr4q50
OnePlus Silky Black 256GB Storage,Electronics,"47,750.00",OnePlus,https://www.amazon.eg/-/en/OnePlus-Silky-Black-256GB-Storage/dp/B0CQPM5WMB/ref=sr_1_107?_encoding=UTF8&dib=eyJ2IjoiMSJ9.NtgDZoLv-wzdKE0mxLeDBP6mEHXwyAcAtpUBxGjfCqsievFNz6XPZ-Vno-vjF7ZM0EJZGd620RNCjfeguZzKuiwpGs52OY_0k_CzdsIZ0iEK2UqpDteT5FWa6cMfAQLXDSyzbbnrdW1KKWVNfh8W4HYBHISn5UPo6rH9tP-Yufv1JYBsMf9FP9Y6jBX0rJm9oG1pV4SI8ETwys3mrVt8T9brzLjOL5qJtUam7lsSxBr3xq8E2RBiDZy_F0BbqkAZtDOsV-FodeiXVcS5CsvLEHTjDyuBW_TMknVZ7j5JhU0.mM_yZ5P6ywlMRsUajbxxihHIdKakaW4mX5Q0MgKoDVU&dib_tag=se&qid=1740507293&refinements=p_36%3A1500000-&s=electronics&sr=1-107&xpid=P0W7qaPVr4q50
Realme Storage Android 6 7 Inch Smartphone,Electronics,"22,222.00",Realme,https://www.amazon.eg/-/en/Realme-Storage-Android-6-7-Inch-Smartphone/dp/B0D7SKVCWP/ref=sr_1_108?_encoding=UTF8&dib=eyJ2IjoiMSJ9.NtgDZoLv-wzdKE0mxLeDBP6mEHXwyAcAtpUBxGjfCqsievFNz6XPZ-Vno-vjF7ZM0EJZGd620RNCjfeguZzKuiwpGs52OY_0k_CzdsIZ0iEK2UqpDteT5FWa6cMfAQLXDSyzbbnrdW1KKWVNfh8W4HYBHISn5UPo6rH9tP-Yufv1JYBsMf9FP9Y6jBX0rJm9oG1pV4SI8ETwys3mrVt8T9brzLjOL5qJtUam7lsSxBr3xq8E2RBiDZy_F0BbqkAZtDOsV-FodeiXVcS5CsvLEHTjDyuBW_TMknVZ7j5JhU0.mM_yZ5P6ywlMRsUajbxxihHIdKakaW4mX5Q0MgKoDVU&dib_tag=se&qid=1740507293&refinements=p_36%3A1500000-&s=electronics&sr=1-108&xpid=P0W7qaPVr4q50
SAMSUNG Android Smartphone International Version,Electronics,"42,550.00",SAMSUNG,https://www.amazon.eg/-/en/SAMSUNG-Android-Smartphone-International-Version/dp/B0CNTS2SCJ/ref=sr_1_109?_encoding=UTF8&dib=eyJ2IjoiMSJ9.NtgDZoLv-wzdKE0mxLeDBP6mEHXwyAcAtpUBxGjfCqsievFNz6XPZ-Vno-vjF7ZM0EJZGd620RNCjfeguZzKuiwpGs52OY_0k_CzdsIZ0iEK2UqpDteT5FWa6cMfAQLXDSyzbbnrdW1KKWVNfh8W4HYBHISn5UPo6rH9tP-Yufv1JYBsMf9FP9Y6jBX0rJm9oG1pV4SI8ETwys3mrVt8T9brzLjOL5qJtUam7lsSxBr3xq8E2RBiDZy_F0BbqkAZtDOsV-FodeiXVcS5CsvLEHTjDyuBW_TMknVZ7j5JhU0.mM_yZ5P6ywlMRsUajbxxihHIdKakaW4mX5Q0MgKoDVU&dib_tag=se&qid=1740507293&refinements=p_36%3A1500000-&s=electronics&sr=1-109&xpid=P0W7qaPVr4q50
Google Pixel Pro Smartphone Telephoto,Electronics,N/A,Google,https://www.amazon.eg/-/en/Google-Pixel-Pro-Smartphone-Telephoto/dp/B0CGTJ12Z9/ref=sr_1_110?_encoding=UTF8&dib=eyJ2IjoiMSJ9.NtgDZoLv-wzdKE0mxLeDBP6mEHXwyAcAtpUBxGjfCqsievFNz6XPZ-Vno-vjF7ZM0EJZGd620RNCjfeguZzKuiwpGs52OY_0k_CzdsIZ0iEK2UqpDteT5FWa6cMfAQLXDSyzbbnrdW1KKWVNfh8W4HYBHISn5UPo6rH9tP-Yufv1JYBsMf9FP9Y6jBX0rJm9oG1pV4SI8ETwys3mrVt8T9brzLjOL5qJtUam7lsSxBr3xq8E2RBiDZy_F0BbqkAZtDOsV-FodeiXVcS5CsvLEHTjDyuBW_TMknVZ7j5JhU0.mM_yZ5P6ywlMRsUajbxxihHIdKakaW4mX5Q0MgKoDVU&dib_tag=se&qid=1740507293&refinements=p_36%3A1500000-&s=electronics&sr=1-110&xpid=P0W7qaPVr4q50
OnePlus Flowy Emerald 256GB Storage,Electronics,"46,950.00",OnePlus,https://www.amazon.eg/-/en/OnePlus-Flowy-Emerald-256GB-Storage/dp/B0CQPPZWVD/ref=sr_1_111?_encoding=UTF8&dib=eyJ2IjoiMSJ9.NtgDZoLv-wzdKE0mxLeDBP6mEHXwyAcAtpUBxGjfCqsievFNz6XPZ-Vno-vjF7ZM0EJZGd620RNCjfeguZzKuiwpGs52OY_0k_CzdsIZ0iEK2UqpDteT5FWa6cMfAQLXDSyzbbnrdW1KKWVNfh8W4HYBHISn5UPo6rH9tP-Yufv1JYBsMf9FP9Y6jBX0rJm9oG1pV4SI8ETwys3mrVt8T9brzLjOL5qJtUam7lsSxBr3xq8E2RBiDZy_F0BbqkAZtDOsV-FodeiXVcS5CsvLEHTjDyuBW_TMknVZ7j5JhU0.mM_yZ5P6ywlMRsUajbxxihHIdKakaW4mX5Q0MgKoDVU&dib_tag=se&qid=1740507293&refinements=p_36%3A1500000-&s=electronics&sr=1-111&xpid=P0W7qaPVr4q50
N/A,Electronics,"35,999.00","1,926",https://www.amazon.eg/-/en/sspa/click?ie=UTF8&spc=MTo0MjA0Njk1ODM5ODU3ODMzOjE3NDA1MDcyOTM6c3BfbXRmX2Jyb3dzZTozMDA0NjU0MTkzMDQ3MzI6OjA6Og&url=%2FSamsung-Android-Smartphone-Storage-Warranty%2Fdp%2FB0DHKG7Q7K%2Fref%3Dsr_1_112_sspa%3F_encoding%3DUTF8%26dib%3DeyJ2IjoiMSJ9.NtgDZoLv-wzdKE0mxLeDBP6mEHXwyAcAtpUBxGjfCqsievFNz6XPZ-Vno-vjF7ZM0EJZGd620RNCjfeguZzKuiwpGs52OY_0k_CzdsIZ0iEK2UqpDteT5FWa6cMfAQLXDSyzbbnrdW1KKWVNfh8W4HYBHISn5UPo6rH9tP-Yufv1JYBsMf9FP9Y6jBX0rJm9oG1pV4SI8ETwys3mrVt8T9brzLjOL5qJtUam7lsSxBr3xq8E2RBiDZy_F0BbqkAZtDOsV-FodeiXVcS5CsvLEHTjDyuBW_TMknVZ7j5JhU0.mM_yZ5P6ywlMRsUajbxxihHIdKakaW4mX5Q0MgKoDVU%26dib_tag%3Dse%26qid%3D1740507293%26refinements%3Dp_36%253A1500000-%26s%3Delectronics%26sr%3D1-112-spons%26xpid%3DP0W7qaPVr4q50%26sp_csd%3Dd2lkZ2V0TmFtZT1zcF9tdGZfYnJvd3Nl%26psc%3D1
N/A,Electronics,"35,999.00",12,https://www.amazon.eg/-/en/sspa/click?ie=UTF8&spc=MTo0MjA0Njk1ODM5ODU3ODMzOjE3NDA1MDcyOTM6c3BfbXRmX2Jyb3dzZTozMDA0NjU0MTkzMDQ5MzI6OjA6Og&url=%2FSamsung-Android-Smartphone-Storage-Graphite%2Fdp%2FB0DHKN3HV4%2Fref%3Dsr_1_113_sspa%3F_encoding%3DUTF8%26dib%3DeyJ2IjoiMSJ9.NtgDZoLv-wzdKE0mxLeDBP6mEHXwyAcAtpUBxGjfCqsievFNz6XPZ-Vno-vjF7ZM0EJZGd620RNCjfeguZzKuiwpGs52OY_0k_CzdsIZ0iEK2UqpDteT5FWa6cMfAQLXDSyzbbnrdW1KKWVNfh8W4HYBHISn5UPo6rH9tP-Yufv1JYBsMf9FP9Y6jBX0rJm9oG1pV4SI8ETwys3mrVt8T9brzLjOL5qJtUam7lsSxBr3xq8E2RBiDZy_F0BbqkAZtDOsV-FodeiXVcS5CsvLEHTjDyuBW_TMknVZ7j5JhU0.mM_yZ5P6ywlMRsUajbxxihHIdKakaW4mX5Q0MgKoDVU%26dib_tag%3Dse%26qid%3D1740507293%26refinements%3Dp_36%253A1500000-%26s%3Delectronics%26sr%3D1-113-spons%26xpid%3DP0W7qaPVr4q50%26sp_csd%3Dd2lkZ2V0TmFtZT1zcF9tdGZfYnJvd3Nl%26psc%3D1
N/A,Electronics,"43,049.00",List:,https://www.amazon.eg/-/en/sspa/click?ie=UTF8&spc=MTo0MjA0Njk1ODM5ODU3ODMzOjE3NDA1MDcyOTM6c3BfbXRmX2Jyb3dzZTozMDA0ODQxMzczOTI5MzI6OjA6Og&url=%2FSamsung-Android-Smartphone-Wireless-Bluetooth%2Fdp%2FB0DNZFY18Z%2Fref%3Dsr_1_114_sspa%3F_encoding%3DUTF8%26dib%3DeyJ2IjoiMSJ9.NtgDZoLv-wzdKE0mxLeDBP6mEHXwyAcAtpUBxGjfCqsievFNz6XPZ-Vno-vjF7ZM0EJZGd620RNCjfeguZzKuiwpGs52OY_0k_CzdsIZ0iEK2UqpDteT5FWa6cMfAQLXDSyzbbnrdW1KKWVNfh8W4HYBHISn5UPo6rH9tP-Yufv1JYBsMf9FP9Y6jBX0rJm9oG1pV4SI8ETwys3mrVt8T9brzLjOL5qJtUam7lsSxBr3xq8E2RBiDZy_F0BbqkAZtDOsV-FodeiXVcS5CsvLEHTjDyuBW_TMknVZ7j5JhU0.mM_yZ5P6ywlMRsUajbxxihHIdKakaW4mX5Q0MgKoDVU%26dib_tag%3Dse%26qid%3D1740507293%26refinements%3Dp_36%253A1500000-%26s%3Delectronics%26sr%3D1-114-spons%26xpid%3DP0W7qaPVr4q50%26sp_csd%3Dd2lkZ2V0TmFtZT1zcF9tdGZfYnJvd3Nl%26psc%3D1
Samsung Android Smartphone Adaptive Charging,Electronics,"17,100.00",Samsung,https://www.amazon.eg/-/en/Samsung-Android-Smartphone-Adaptive-Charging/dp/B0DW49J68B/ref=sr_1_115?_encoding=UTF8&dib=eyJ2IjoiMSJ9.NtgDZoLv-wzdKE0mxLeDBP6mEHXwyAcAtpUBxGjfCqsievFNz6XPZ-Vno-vjF7ZM0EJZGd620RNCjfeguZzKuiwpGs52OY_0k_CzdsIZ0iEK2UqpDteT5FWa6cMfAQLXDSyzbbnrdW1KKWVNfh8W4HYBHISn5UPo6rH9tP-Yufv1JYBsMf9FP9Y6jBX0rJm9oG1pV4SI8ETwys3mrVt8T9brzLjOL5qJtUam7lsSxBr3xq8E2RBiDZy_F0BbqkAZtDOsV-FodeiXVcS5CsvLEHTjDyuBW_TMknVZ7j5JhU0.mM_yZ5P6ywlMRsUajbxxihHIdKakaW4mX5Q0MgKoDVU&dib_tag=se&qid=1740507293&refinements=p_36%3A1500000-&s=electronics&sr=1-115&xpid=P0W7qaPVr4q50
Samsung Android Smartphone Adaptive Charging,Electronics,"17,100.00",Samsung,https://www.amazon.eg/-/en/Samsung-Android-Smartphone-Adaptive-Charging/dp/B0DW481116/ref=sr_1_116?_encoding=UTF8&dib=eyJ2IjoiMSJ9.NtgDZoLv-wzdKE0mxLeDBP6mEHXwyAcAtpUBxGjfCqsievFNz6XPZ-Vno-vjF7ZM0EJZGd620RNCjfeguZzKuiwpGs52OY_0k_CzdsIZ0iEK2UqpDteT5FWa6cMfAQLXDSyzbbnrdW1KKWVNfh8W4HYBHISn5UPo6rH9tP-Yufv1JYBsMf9FP9Y6jBX0rJm9oG1pV4SI8ETwys3mrVt8T9brzLjOL5qJtUam7lsSxBr3xq8E2RBiDZy_F0BbqkAZtDOsV-FodeiXVcS5CsvLEHTjDyuBW_TMknVZ7j5JhU0.mM_yZ5P6ywlMRsUajbxxihHIdKakaW4mX5Q0MgKoDVU&dib_tag=se&qid=1740507293&refinements=p_36%3A1500000-&s=electronics&sr=1-116&xpid=P0W7qaPVr4q50
Samsung Android Smartphone Wireless Bluetooth,Electronics,"41,549.00",Samsung,https://www.amazon.eg/-/en/Samsung-Android-Smartphone-Wireless-Bluetooth/dp/B0DNZJQ3P4/ref=sr_1_117?_encoding=UTF8&dib=eyJ2IjoiMSJ9.NtgDZoLv-wzdKE0mxLeDBP6mEHXwyAcAtpUBxGjfCqsievFNz6XPZ-Vno-vjF7ZM0EJZGd620RNCjfeguZzKuiwpGs52OY_0k_CzdsIZ0iEK2UqpDteT5FWa6cMfAQLXDSyzbbnrdW1KKWVNfh8W4HYBHISn5UPo6rH9tP-Yufv1JYBsMf9FP9Y6jBX0rJm9oG1pV4SI8ETwys3mrVt8T9brzLjOL5qJtUam7lsSxBr3xq8E2RBiDZy_F0BbqkAZtDOsV-FodeiXVcS5CsvLEHTjDyuBW_TMknVZ7j5JhU0.mM_yZ5P6ywlMRsUajbxxihHIdKakaW4mX5Q0MgKoDVU&dib_tag=se&qid=1740507293&refinements=p_36%3A1500000-&s=electronics&sr=1-117&xpid=P0W7qaPVr4q50
Samsung Smartphone Graphite Wireless Bluetooth,Electronics,"41,549.00",Samsung,https://www.amazon.eg/-/en/Samsung-Smartphone-Graphite-Wireless-Bluetooth/dp/B0DNZGXKWL/ref=sr_1_118?_encoding=UTF8&dib=eyJ2IjoiMSJ9.NtgDZoLv-wzdKE0mxLeDBP6mEHXwyAcAtpUBxGjfCqsievFNz6XPZ-Vno-vjF7ZM0EJZGd620RNCjfeguZzKuiwpGs52OY_0k_CzdsIZ0iEK2UqpDteT5FWa6cMfAQLXDSyzbbnrdW1KKWVNfh8W4HYBHISn5UPo6rH9tP-Yufv1JYBsMf9FP9Y6jBX0rJm9oG1pV4SI8ETwys3mrVt8T9brzLjOL5qJtUam7lsSxBr3xq8E2RBiDZy_F0BbqkAZtDOsV-FodeiXVcS5CsvLEHTjDyuBW_TMknVZ7j5JhU0.mM_yZ5P6ywlMRsUajbxxihHIdKakaW4mX5Q0MgKoDVU&dib_tag=se&qid=1740507293&refinements=p_36%3A1500000-&s=electronics&sr=1-118&xpid=P0W7qaPVr4q50
Samsung Android Smartphone Wireless Bluetooth,Electronics,"43,049.00",Samsung,https://www.amazon.eg/-/en/Samsung-Android-Smartphone-Wireless-Bluetooth/dp/B0DNZFY18Z/ref=sr_1_119?_encoding=UTF8&dib=eyJ2IjoiMSJ9.NtgDZoLv-wzdKE0mxLeDBP6mEHXwyAcAtpUBxGjfCqsievFNz6XPZ-Vno-vjF7ZM0EJZGd620RNCjfeguZzKuiwpGs52OY_0k_CzdsIZ0iEK2UqpDteT5FWa6cMfAQLXDSyzbbnrdW1KKWVNfh8W4HYBHISn5UPo6rH9tP-Yufv1JYBsMf9FP9Y6jBX0rJm9oG1pV4SI8ETwys3mrVt8T9brzLjOL5qJtUam7lsSxBr3xq8E2RBiDZy_F0BbqkAZtDOsV-FodeiXVcS5CsvLEHTjDyuBW_TMknVZ7j5JhU0.mM_yZ5P6ywlMRsUajbxxihHIdKakaW4mX5Q0MgKoDVU&dib_tag=se&qid=1740507293&refinements=p_36%3A1500000-&s=electronics&sr=1-119&xpid=P0W7qaPVr4q50
Google Pixel 7a Unlocked Smartphone,Electronics,"24,950.00",Google,https://www.amazon.eg/-/en/Google-Pixel-7a-Unlocked-Smartphone/dp/B0BZ9XNBRB/ref=sr_1_120?_encoding=UTF8&dib=eyJ2IjoiMSJ9.NtgDZoLv-wzdKE0mxLeDBP6mEHXwyAcAtpUBxGjfCqsievFNz6XPZ-Vno-vjF7ZM0EJZGd620RNCjfeguZzKuiwpGs52OY_0k_CzdsIZ0iEK2UqpDteT5FWa6cMfAQLXDSyzbbnrdW1KKWVNfh8W4HYBHISn5UPo6rH9tP-Yufv1JYBsMf9FP9Y6jBX0rJm9oG1pV4SI8ETwys3mrVt8T9brzLjOL5qJtUam7lsSxBr3xq8E2RBiDZy_F0BbqkAZtDOsV-FodeiXVcS5CsvLEHTjDyuBW_TMknVZ7j5JhU0.mM_yZ5P6ywlMRsUajbxxihHIdKakaW4mX5Q0MgKoDVU&dib_tag=se&qid=1740507293&refinements=p_36%3A1500000-&s=electronics&sr=1-120&xpid=P0W7qaPVr4q50
Samsung Android Smartphone Adaptive Charging,Electronics,"19,100.00",Samsung,https://www.amazon.eg/-/en/Samsung-Android-Smartphone-Adaptive-Charging/dp/B0DW49L11D/ref=sr_1_121?_encoding=UTF8&dib=eyJ2IjoiMSJ9.NtgDZoLv-wzdKE0mxLeDBP6mEHXwyAcAtpUBxGjfCqsievFNz6XPZ-Vno-vjF7ZM0EJZGd620RNCjfeguZzKuiwpGs52OY_0k_CzdsIZ0iEK2UqpDteT5FWa6cMfAQLXDSyzbbnrdW1KKWVNfh8W4HYBHISn5UPo6rH9tP-Yufv1JYBsMf9FP9Y6jBX0rJm9oG1pV4SI8ETwys3mrVt8T9brzLjOL5qJtUam7lsSxBr3xq8E2RBiDZy_F0BbqkAZtDOsV-FodeiXVcS5CsvLEHTjDyuBW_TMknVZ7j5JhU0.mM_yZ5P6ywlMRsUajbxxihHIdKakaW4mX5Q0MgKoDVU&dib_tag=se&qid=1740507293&refinements=p_36%3A1500000-&s=electronics&sr=1-121&xpid=P0W7qaPVr4q50
HUAWEI Smartphone Foldable Generation Live Multitask,Electronics,"128,500.00",HUAWEI,https://www.amazon.eg/-/en/HUAWEI-Smartphone-Foldable-Generation-Live-Multitask/dp/B0DPMJ2K75/ref=sr_1_122?_encoding=UTF8&dib=eyJ2IjoiMSJ9.NtgDZoLv-wzdKE0mxLeDBP6mEHXwyAcAtpUBxGjfCqsievFNz6XPZ-Vno-vjF7ZM0EJZGd620RNCjfeguZzKuiwpGs52OY_0k_CzdsIZ0iEK2UqpDteT5FWa6cMfAQLXDSyzbbnrdW1KKWVNfh8W4HYBHISn5UPo6rH9tP-Yufv1JYBsMf9FP9Y6jBX0rJm9oG1pV4SI8ETwys3mrVt8T9brzLjOL5qJtUam7lsSxBr3xq8E2RBiDZy_F0BbqkAZtDOsV-FodeiXVcS5CsvLEHTjDyuBW_TMknVZ7j5JhU0.mM_yZ5P6ywlMRsUajbxxihHIdKakaW4mX5Q0MgKoDVU&dib_tag=se&qid=1740507293&refinements=p_36%3A1500000-&s=electronics&sr=1-122&xpid=P0W7qaPVr4q50
Samsung Android Smartphone Wireless Bluetooth,Electronics,"41,349.00",Samsung,https://www.amazon.eg/-/en/Samsung-Android-Smartphone-Wireless-Bluetooth/dp/B0DNZJR2HJ/ref=sr_1_123?_encoding=UTF8&dib=eyJ2IjoiMSJ9.NtgDZoLv-wzdKE0mxLeDBP6mEHXwyAcAtpUBxGjfCqsievFNz6XPZ-Vno-vjF7ZM0EJZGd620RNCjfeguZzKuiwpGs52OY_0k_CzdsIZ0iEK2UqpDteT5FWa6cMfAQLXDSyzbbnrdW1KKWVNfh8W4HYBHISn5UPo6rH9tP-Yufv1JYBsMf9FP9Y6jBX0rJm9oG1pV4SI8ETwys3mrVt8T9brzLjOL5qJtUam7lsSxBr3xq8E2RBiDZy_F0BbqkAZtDOsV-FodeiXVcS5CsvLEHTjDyuBW_TMknVZ7j5JhU0.mM_yZ5P6ywlMRsUajbxxihHIdKakaW4mX5Q0MgKoDVU&dib_tag=se&qid=1740507293&refinements=p_36%3A1500000-&s=electronics&sr=1-123&xpid=P0W7qaPVr4q50
Google Pixel Pro Unlocked Smartphone,Electronics,"62,950.00",Google,https://www.amazon.eg/-/en/Google-Pixel-Pro-Unlocked-Smartphone/dp/B0D7V12BWR/ref=sr_1_124?_encoding=UTF8&dib=eyJ2IjoiMSJ9.NtgDZoLv-wzdKE0mxLeDBP6mEHXwyAcAtpUBxGjfCqsievFNz6XPZ-Vno-vjF7ZM0EJZGd620RNCjfeguZzKuiwpGs52OY_0k_CzdsIZ0iEK2UqpDteT5FWa6cMfAQLXDSyzbbnrdW1KKWVNfh8W4HYBHISn5UPo6rH9tP-Yufv1JYBsMf9FP9Y6jBX0rJm9oG1pV4SI8ETwys3mrVt8T9brzLjOL5qJtUam7lsSxBr3xq8E2RBiDZy_F0BbqkAZtDOsV-FodeiXVcS5CsvLEHTjDyuBW_TMknVZ7j5JhU0.mM_yZ5P6ywlMRsUajbxxihHIdKakaW4mX5Q0MgKoDVU&dib_tag=se&qid=1740507293&refinements=p_36%3A1500000-&s=electronics&sr=1-124&xpid=P0W7qaPVr4q50
Reno12 Factory Unlocked Smartphone Nebula,Electronics,"31,950.00",Reno12,https://www.amazon.eg/-/en/Reno12-Factory-Unlocked-Smartphone-Nebula/dp/B0D5DGB6N3/ref=sr_1_125?_encoding=UTF8&dib=eyJ2IjoiMSJ9.NtgDZoLv-wzdKE0mxLeDBP6mEHXwyAcAtpUBxGjfCqsievFNz6XPZ-Vno-vjF7ZM0EJZGd620RNCjfeguZzKuiwpGs52OY_0k_CzdsIZ0iEK2UqpDteT5FWa6cMfAQLXDSyzbbnrdW1KKWVNfh8W4HYBHISn5UPo6rH9tP-Yufv1JYBsMf9FP9Y6jBX0rJm9oG1pV4SI8ETwys3mrVt8T9brzLjOL5qJtUam7lsSxBr3xq8E2RBiDZy_F0BbqkAZtDOsV-FodeiXVcS5CsvLEHTjDyuBW_TMknVZ7j5JhU0.mM_yZ5P6ywlMRsUajbxxihHIdKakaW4mX5Q0MgKoDVU&dib_tag=se&qid=1740507293&refinements=p_36%3A1500000-&s=electronics&sr=1-125&xpid=P0W7qaPVr4q50
HUAWEI Smartphone Flat edge Snapshot SuperCharge,Electronics,"58,500.00",HUAWEI,https://www.amazon.eg/-/en/HUAWEI-Smartphone-Flat-edge-Snapshot-SuperCharge/dp/B0D3R1KBZN/ref=sr_1_126?_encoding=UTF8&dib=eyJ2IjoiMSJ9.NtgDZoLv-wzdKE0mxLeDBP6mEHXwyAcAtpUBxGjfCqsievFNz6XPZ-Vno-vjF7ZM0EJZGd620RNCjfeguZzKuiwpGs52OY_0k_CzdsIZ0iEK2UqpDteT5FWa6cMfAQLXDSyzbbnrdW1KKWVNfh8W4HYBHISn5UPo6rH9tP-Yufv1JYBsMf9FP9Y6jBX0rJm9oG1pV4SI8ETwys3mrVt8T9brzLjOL5qJtUam7lsSxBr3xq8E2RBiDZy_F0BbqkAZtDOsV-FodeiXVcS5CsvLEHTjDyuBW_TMknVZ7j5JhU0.mM_yZ5P6ywlMRsUajbxxihHIdKakaW4mX5Q0MgKoDVU&dib_tag=se&qid=1740507293&refinements=p_36%3A1500000-&s=electronics&sr=1-126&xpid=P0W7qaPVr4q50
N/A,Electronics,"41,549.00",List:,https://www.amazon.eg/-/en/sspa/click?ie=UTF8&spc=MTo0MjA0Njk1ODM5ODU3ODMzOjE3NDA1MDcyOTM6c3BfYnRmX2Jyb3dzZTozMDA0ODQxMzczOTI2MzI6OjA6Og&url=%2FSamsung-Smartphone-Graphite-Wireless-Bluetooth%2Fdp%2FB0DNZGXKWL%2Fref%3Dsr_1_127_sspa%3F_encoding%3DUTF8%26dib%3DeyJ2IjoiMSJ9.NtgDZoLv-wzdKE0mxLeDBP6mEHXwyAcAtpUBxGjfCqsievFNz6XPZ-Vno-vjF7ZM0EJZGd620RNCjfeguZzKuiwpGs52OY_0k_CzdsIZ0iEK2UqpDteT5FWa6cMfAQLXDSyzbbnrdW1KKWVNfh8W4HYBHISn5UPo6rH9tP-Yufv1JYBsMf9FP9Y6jBX0rJm9oG1pV4SI8ETwys3mrVt8T9brzLjOL5qJtUam7lsSxBr3xq8E2RBiDZy_F0BbqkAZtDOsV-FodeiXVcS5CsvLEHTjDyuBW_TMknVZ7j5JhU0.mM_yZ5P6ywlMRsUajbxxihHIdKakaW4mX5Q0MgKoDVU%26dib_tag%3Dse%26qid%3D1740507293%26refinements%3Dp_36%253A1500000-%26s%3Delectronics%26sr%3D1-127-spons%26xpid%3DP0W7qaPVr4q50%26sp_csd%3Dd2lkZ2V0TmFtZT1zcF9idGZfYnJvd3Nl%26psc%3D1
N/A,Electronics,"41,549.00",List:,https://www.amazon.eg/-/en/sspa/click?ie=UTF8&spc=MTo0MjA0Njk1ODM5ODU3ODMzOjE3NDA1MDcyOTM6c3BfYnRmX2Jyb3dzZTozMDA0ODQxMzczOTI3MzI6OjA6Og&url=%2FSamsung-Android-Smartphone-Wireless-Bluetooth%2Fdp%2FB0DNZJQ3P4%2Fref%3Dsr_1_128_sspa%3F_encoding%3DUTF8%26dib%3DeyJ2IjoiMSJ9.NtgDZoLv-wzdKE0mxLeDBP6mEHXwyAcAtpUBxGjfCqsievFNz6XPZ-Vno-vjF7ZM0EJZGd620RNCjfeguZzKuiwpGs52OY_0k_CzdsIZ0iEK2UqpDteT5FWa6cMfAQLXDSyzbbnrdW1KKWVNfh8W4HYBHISn5UPo6rH9tP-Yufv1JYBsMf9FP9Y6jBX0rJm9oG1pV4SI8ETwys3mrVt8T9brzLjOL5qJtUam7lsSxBr3xq8E2RBiDZy_F0BbqkAZtDOsV-FodeiXVcS5CsvLEHTjDyuBW_TMknVZ7j5JhU0.mM_yZ5P6ywlMRsUajbxxihHIdKakaW4mX5Q0MgKoDVU%26dib_tag%3Dse%26qid%3D1740507293%26refinements%3Dp_36%253A1500000-%26s%3Delectronics%26sr%3D1-128-spons%26xpid%3DP0W7qaPVr4q50%26sp_csd%3Dd2lkZ2V0TmFtZT1zcF9idGZfYnJvd3Nl%26psc%3D1
N/A,Electronics,"41,349.00",List:,https://www.amazon.eg/-/en/sspa/click?ie=UTF8&spc=MTo0MjA0Njk1ODM5ODU3ODMzOjE3NDA1MDcyOTM6c3BfYnRmX2Jyb3dzZTozMDA0ODQxMzczOTI4MzI6OjA6Og&url=%2FSamsung-Android-Smartphone-Wireless-Bluetooth%2Fdp%2FB0DNZJR2HJ%2Fref%3Dsr_1_129_sspa%3F_encoding%3DUTF8%26dib%3DeyJ2IjoiMSJ9.NtgDZoLv-wzdKE0mxLeDBP6mEHXwyAcAtpUBxGjfCqsievFNz6XPZ-Vno-vjF7ZM0EJZGd620RNCjfeguZzKuiwpGs52OY_0k_CzdsIZ0iEK2UqpDteT5FWa6cMfAQLXDSyzbbnrdW1KKWVNfh8W4HYBHISn5UPo6rH9tP-Yufv1JYBsMf9FP9Y6jBX0rJm9oG1pV4SI8ETwys3mrVt8T9brzLjOL5qJtUam7lsSxBr3xq8E2RBiDZy_F0BbqkAZtDOsV-FodeiXVcS5CsvLEHTjDyuBW_TMknVZ7j5JhU0.mM_yZ5P6ywlMRsUajbxxihHIdKakaW4mX5Q0MgKoDVU%26dib_tag%3Dse%26qid%3D1740507293%26refinements%3Dp_36%253A1500000-%26s%3Delectronics%26sr%3D1-129-spons%26xpid%3DP0W7qaPVr4q50%26sp_csd%3Dd2lkZ2V0TmFtZT1zcF9idGZfYnJvd3Nl%26psc%3D1
